Dataset,Column,NullPct
order_analytics,OrderID,0.0
order_analytics,OrderDate,5.73
order_analytics,OrderTime,0.0
order_analytics,OrderHour,0.0
order_analytics,DayOfWeek,5.73
order_analytics,Month,5.73
order_analytics,Quarter,5.73
order_analytics,Year,5.73
order_analytics,IsWeekend,0.0
order_analytics,PeakHour,0.0
order_analytics,OrderStatus,0.0
order_analytics,PaymentMethod,0.0
order_analytics,FoodCost,0.01
order_analytics,DeliveryFee,0.0
order_analytics,Discount,0.0
order_analytics,DiscountRate,0.01
order_analytics,GST,0.0
order_analytics,FinalAmount,0.01
order_analytics,CouponCode,64.8
order_analytics,HasCoupon,0.0
order_analytics,CustomerID,0.0
order_analytics,CustomerAge,3.61
order_analytics,CustomerGender,1.09
order_analytics,Membership,0.95
order_analytics,CustomerCity,0.0
order_analytics,PreferredCuisine,1.86
order_analytics,RegistrationDate,12.06
order_analytics,CustomerTenure,17.09
order_analytics,CustomerOrderCount,0.0
order_analytics,CustomerLifetimeValue,0.0
order_analytics,AverageBasketValue,0.0
order_analytics,OrderFrequency,17.15
order_analytics,RecencyDays,52.58
order_analytics,RestaurantID,0.0
order_analytics,RestaurantName,0.0
order_analytics,Cuisine,1.13
order_analytics,RestaurantCity,0.0
order_analytics,RestaurantRating,3.35
order_analytics,AverageCost,1.31
order_analytics,RestaurantType,0.0
order_analytics,Latitude,0.0
order_analytics,Longitude,0.0
order_analytics,RestaurantOrderCount,0.0
order_analytics,RestaurantRevenue,0.0
order_analytics,RestaurantPopularity,0.0
order_analytics,DeliveryPartnerID,0.0
order_analytics,VehicleType,0.0
order_analytics,PartnerRating,1.68
order_analytics,CompletedDeliveries,0.0
order_analytics,PartnerAverageDeliveryTime,1.39
order_analytics,DeliveryEfficiency,1.39
order_analytics,DeliveryTimeMinutes,1.72
order_analytics,DeliveryTimeTarget,34.95
order_analytics,LateDelivery,0.0
order_analytics,TrafficLevel,45.68
order_analytics,TrafficScore,45.68
order_analytics,AverageSpeed,45.75
order_analytics,Temperature,46.49
order_analytics,Rainfall,47.04
order_analytics,Humidity,46.75
order_analytics,WeatherCondition,46.49
order_analytics,RainImpact,57.0
order_analytics,HasRain,0.0
order_analytics,TotalQuantity,0.0
order_analytics,UniqueItems,0.0
order_analytics,ItemRevenue,0.0
order_analytics,AverageItemPrice,0.0
order_analytics,RestaurantPreparationTime,0.0
order_analytics,BasketSize,0.0
order_analytics,CustomerRating,33.26
order_analytics,DeliveryRating,32.48
order_analytics,FoodRating,31.87
order_analytics,Sentiment,31.87
order_analytics,SameCity,0.0
customer_analytics,CustomerID,0.0
customer_analytics,Age,3.61
customer_analytics,Gender,0.99
customer_analytics,City,0.0
customer_analytics,Membership,0.99
customer_analytics,RegistrationDate,11.81
customer_analytics,TotalOrders,0.0
customer_analytics,CustomerLifetimeValue,0.0
customer_analytics,AverageOrderValue,0.01
customer_analytics,AverageDeliveryTime,0.83
customer_analytics,AverageRating,18.87
customer_analytics,FirstOrderDate,0.0
customer_analytics,LastOrderDate,0.0
customer_analytics,RecencyDays,0.0
customer_analytics,OrderFrequency,11.91
customer_analytics,OrdersLast30Days,0.0
customer_analytics,OrdersLast60Days,0.0
customer_analytics,OrdersPrevious60Days,0.0
customer_analytics,CouponUsageRate,0.0
customer_analytics,CancellationRate,0.0
customer_analytics,WeekendOrderRate,0.0
customer_analytics,PreferredCuisine,1.89
customer_analytics,CustomerTenure,11.81
customer_analytics,Churn60,0.0
restaurant_analytics,RestaurantID,0.0
restaurant_analytics,RestaurantName,0.0
restaurant_analytics,City,0.0
restaurant_analytics,Cuisine,1.0
restaurant_analytics,RestaurantType,0.0
restaurant_analytics,Rating,3.33
restaurant_analytics,AverageCost,1.25
restaurant_analytics,TotalOrders,0.0
restaurant_analytics,CompletedOrders,0.0
restaurant_analytics,CancelledOrders,0.0
restaurant_analytics,CancellationRate,0.0
restaurant_analytics,TotalRevenue,0.0
restaurant_analytics,AverageOrderValue,0.0
restaurant_analytics,AverageDeliveryTime,0.0
restaurant_analytics,AverageCustomerRating,0.0
restaurant_analytics,LateDeliveryRate,0.0
restaurant_analytics,RestaurantPopularity,0.0
restaurant_analytics,RevenueRankCity,0.0
restaurant_analytics,PerformanceScore,0.0
restaurant_analytics,PerformanceCategory,0.0
