OrderID,ActualDeliveryTime,PredictedDeliveryTime,Residual
111529,73.0,38.3,34.7
109351,24.0,38.1,-14.1
102471,31.0,38.6,-7.6
111351,31.0,39.1,-8.1
114816,20.0,38.0,-18.0
105108,34.0,37.5,-3.5
120228,49.0,38.1,10.9
100196,45.0,37.8,7.2
109220,46.0,38.8,7.2
106484,53.0,38.9,14.1
101012,42.0,38.0,4.0
107143,23.0,37.7,-14.7
120367,46.0,39.2,6.8
106677,36.0,38.3,-2.3
110073,33.0,39.4,-6.4
116353,27.0,38.0,-11.0
103258,37.0,37.9,-0.9
115665,34.0,37.4,-3.4
119381,27.0,38.0,-11.0
116844,39.0,37.2,1.8
117447,30.0,38.9,-8.9
114819,59.0,39.6,19.4
107382,39.0,37.8,1.2
109040,47.0,38.7,8.3
116636,13.0,37.6,-24.6
109504,43.0,38.5,4.5
115062,56.0,40.3,15.7
106206,21.0,38.6,-17.6
117169,41.0,38.8,2.2
108644,37.0,38.3,-1.3
105285,73.0,37.9,35.1
107587,39.0,38.2,0.8
116568,69.0,38.7,30.3
115440,41.0,38.0,3.0
103360,54.0,38.0,16.0
120170,45.0,37.5,7.5
118193,18.0,38.3,-20.3
117752,45.0,37.8,7.2
113960,18.0,37.7,-19.7
109386,33.0,38.3,-5.3
105632,27.0,37.9,-10.9
111896,56.0,37.7,18.3
118414,29.0,38.1,-9.1
109948,51.0,37.9,13.1
119976,26.0,38.0,-12.0
118164,33.0,39.0,-6.0
108986,61.0,38.4,22.6
108958,17.0,38.8,-21.8
104520,37.0,38.1,-1.1
117227,31.0,37.7,-6.7
100236,48.0,38.2,9.8
102322,56.0,38.5,17.5
108844,40.0,38.5,1.5
107099,24.0,38.5,-14.5
112333,34.0,37.8,-3.8
110294,47.0,39.4,7.6
111574,26.0,37.3,-11.3
103951,30.0,38.0,-8.0
112636,83.0,38.7,44.3
118792,26.0,38.2,-12.2
108434,34.0,38.3,-4.3
114437,12.0,38.2,-26.2
112394,46.0,37.4,8.6
107546,35.0,37.8,-2.8
105680,47.0,38.2,8.8
112554,45.0,39.3,5.7
104882,37.0,38.4,-1.4
112176,8.0,39.5,-31.5
103264,18.0,38.7,-20.7
104492,60.0,38.2,21.8
118064,40.0,38.1,1.9
110467,46.0,38.1,7.9
101508,46.0,38.4,7.6
104080,83.0,38.4,44.6
116981,29.0,38.5,-9.5
103738,27.0,37.1,-10.1
110855,55.0,37.6,17.4
105225,30.0,38.0,-8.0
105469,41.0,38.3,2.7
108226,50.0,39.5,10.5
112538,70.0,38.8,31.2
108867,22.0,38.8,-16.8
110216,65.0,37.7,27.3
104575,34.0,38.5,-4.5
104526,61.0,38.2,22.8
115798,20.0,38.0,-18.0
101902,57.0,38.1,18.9
100552,36.0,38.9,-2.9
101699,30.0,38.5,-8.5
103008,35.0,38.0,-3.0
103328,27.0,38.6,-11.6
105103,24.0,38.2,-14.2
100370,32.0,39.1,-7.1
111362,45.0,38.1,6.9
104569,22.0,37.3,-15.3
100795,45.0,38.5,6.5
114716,33.0,39.0,-6.0
102720,20.0,37.9,-17.9
110228,35.0,38.4,-3.4
111131,47.0,38.7,8.3
111859,35.0,38.2,-3.2
116330,31.0,39.7,-8.7
111580,40.0,38.4,1.6
120223,33.0,38.5,-5.5
116483,38.0,38.0,-0.0
100460,63.0,37.8,25.2
120173,22.0,38.7,-16.7
104461,22.0,39.1,-17.1
104805,31.0,38.9,-7.9
103449,45.0,38.2,6.8
116261,36.0,38.5,-2.5
114273,55.0,38.1,16.9
112602,9.0,38.7,-29.7
100092,30.0,37.8,-7.8
103434,23.0,38.6,-15.6
113411,25.0,39.1,-14.1
113947,49.0,38.9,10.1
119685,23.0,38.4,-15.4
105913,36.0,39.1,-3.1
119447,34.0,38.6,-4.6
106431,38.0,37.6,0.4
112413,41.0,38.5,2.5
109434,48.0,37.5,10.5
108799,40.0,37.4,2.6
111002,24.0,38.1,-14.1
104663,27.0,38.5,-11.5
108066,39.0,38.6,0.4
108322,38.0,37.6,0.4
112710,32.0,38.9,-6.9
100251,65.0,38.7,26.3
116112,52.0,38.1,13.9
107921,42.0,37.9,4.1
108778,22.0,38.7,-16.7
116133,8.0,39.0,-31.0
107344,33.0,38.2,-5.2
103828,36.0,39.1,-3.1
101423,34.0,38.6,-4.6
107660,24.0,38.6,-14.6
104149,10.0,39.4,-29.4
112022,44.0,38.0,6.0
117444,39.0,39.0,-0.0
116934,44.0,37.4,6.6
106139,46.0,38.1,7.9
113382,36.0,37.8,-1.8
118920,47.0,38.5,8.5
111463,47.0,38.1,8.9
115615,34.0,38.6,-4.6
105753,34.0,38.0,-4.0
102664,30.0,38.2,-8.2
117354,34.0,38.3,-4.3
119049,52.0,39.3,12.7
101455,29.0,39.6,-10.6
112056,34.0,38.7,-4.7
119810,38.0,37.0,1.0
111248,27.0,38.4,-11.4
113917,31.0,39.7,-8.7
110689,26.0,38.5,-12.5
113733,13.0,37.3,-24.3
101451,37.0,38.0,-1.0
111096,45.0,37.7,7.3
117589,39.0,37.5,1.5
106859,29.0,38.8,-9.8
115919,34.0,38.9,-4.9
105779,40.0,38.3,1.7
111378,40.0,37.8,2.2
100389,35.0,37.8,-2.8
100596,39.0,38.0,1.0
111675,25.0,37.9,-12.9
118824,26.0,38.4,-12.4
113932,52.0,37.9,14.1
119442,54.0,37.9,16.1
103397,17.0,38.4,-21.4
115384,46.0,37.4,8.6
118738,57.0,38.1,18.9
119241,37.0,37.9,-0.9
110183,51.0,38.1,12.9
113709,42.0,38.3,3.7
106726,68.0,38.3,29.7
109943,14.0,39.1,-25.1
107515,92.0,38.6,53.4
106243,31.0,38.7,-7.7
115903,54.0,37.6,16.4
107385,40.0,37.4,2.6
112669,60.0,37.9,22.1
117416,60.0,39.6,20.4
100723,71.0,38.3,32.7
105080,14.0,38.0,-24.0
105675,29.0,38.1,-9.1
119955,48.0,37.6,10.4
109370,15.0,38.4,-23.4
112892,36.0,38.1,-2.1
102023,45.0,38.0,7.0
114852,32.0,38.6,-6.6
116793,55.0,37.6,17.4
113990,15.0,37.5,-22.5
109307,31.0,37.7,-6.7
105772,43.0,40.0,3.0
108712,43.0,38.5,4.5
102037,41.0,38.2,2.8
111312,50.0,39.1,10.9
110580,40.0,38.6,1.4
119647,26.0,38.0,-12.0
111219,20.0,38.0,-18.0
107686,60.0,38.7,21.3
107724,27.0,39.1,-12.1
101538,96.0,38.9,57.1
108115,27.0,37.9,-10.9
104479,34.0,38.2,-4.2
109882,36.0,38.3,-2.3
105981,33.0,38.1,-5.1
108395,39.0,38.2,0.8
118650,39.0,38.4,0.6
119432,15.0,37.4,-22.4
101988,46.0,37.9,8.1
104539,30.0,38.1,-8.1
117920,44.0,38.2,5.8
118729,55.0,40.1,14.9
118276,21.0,38.2,-17.2
114690,38.0,37.0,1.0
115438,20.0,38.4,-18.4
102318,39.0,38.0,1.0
108838,78.0,38.3,39.7
108933,53.0,38.0,15.0
116377,28.0,38.0,-10.0
108768,43.0,39.0,4.0
100793,29.0,38.7,-9.7
112192,39.0,38.6,0.4
109859,35.0,38.4,-3.4
113087,45.0,38.3,6.7
105664,32.0,39.6,-7.6
100199,36.0,39.0,-3.0
118115,15.0,38.6,-23.6
103148,40.0,38.5,1.5
111297,56.0,39.2,16.8
100123,30.0,39.1,-9.1
117507,30.0,37.8,-7.8
119199,39.0,38.1,0.9
113065,71.0,38.6,32.4
112382,64.0,38.0,26.0
100824,30.0,38.6,-8.6
103769,29.0,38.6,-9.6
100013,61.0,37.8,23.2
108556,46.0,38.7,7.3
115481,38.0,38.8,-0.8
110417,57.0,38.4,18.6
105241,23.0,38.6,-15.6
114943,38.0,40.7,-2.7
100714,36.0,39.6,-3.6
107198,87.0,38.3,48.7
102943,30.0,37.6,-7.6
114462,42.0,38.9,3.1
103991,45.0,38.9,6.1
104175,33.0,37.8,-4.8
105520,30.0,38.7,-8.7
101607,45.0,37.9,7.1
119776,35.0,38.0,-3.0
100217,23.0,39.2,-16.2
103515,18.0,37.1,-19.1
112804,31.0,38.8,-7.8
112066,26.0,39.1,-13.1
106277,27.0,38.6,-11.6
102791,14.0,38.0,-24.0
111943,49.0,38.1,10.9
100407,70.0,38.6,31.4
109369,29.0,39.0,-10.0
106098,30.0,37.3,-7.3
118604,31.0,37.5,-6.5
120186,39.0,38.9,0.1
119175,22.0,37.8,-15.8
107038,76.0,37.3,38.7
111836,32.0,37.3,-5.3
107992,19.0,38.5,-19.5
118356,75.0,37.8,37.2
117595,68.0,38.9,29.1
112551,45.0,38.1,6.9
116836,39.0,38.3,0.7
117463,32.0,38.4,-6.4
106447,16.0,38.1,-22.1
108839,45.0,38.8,6.2
117064,39.0,38.1,0.9
111919,61.0,37.6,23.4
110912,31.0,38.8,-7.8
120328,35.0,38.4,-3.4
101507,32.0,37.4,-5.4
109287,30.0,37.0,-7.0
101685,47.0,38.5,8.5
110729,33.0,38.2,-5.2
103453,30.0,38.9,-8.9
119443,38.0,38.0,-0.0
111982,68.0,37.8,30.2
103860,29.0,37.8,-8.8
106436,24.0,38.2,-14.2
102454,15.0,38.3,-23.3
112508,75.0,39.0,36.0
119522,31.0,38.4,-7.4
112408,26.0,38.1,-12.1
104680,32.0,37.7,-5.7
110305,41.0,38.1,2.9
103653,37.0,40.0,-3.0
100955,27.0,39.1,-12.1
116280,19.0,37.9,-18.9
102042,37.0,37.0,0.0
102611,44.0,37.9,6.1
102202,35.0,38.0,-3.0
113963,57.0,38.2,18.8
101546,27.0,38.6,-11.6
118674,45.0,38.1,6.9
107926,28.0,39.0,-11.0
118444,30.0,37.6,-7.6
118377,29.0,37.8,-8.8
103494,61.0,39.1,21.9
118359,10.0,38.8,-28.8
104702,27.0,38.9,-11.9
107171,51.0,38.6,12.4
100770,36.0,37.5,-1.5
105005,30.0,38.4,-8.4
118541,38.0,37.9,0.1
105760,19.0,37.7,-18.7
118503,50.0,38.9,11.1
110354,21.0,38.2,-17.2
103917,30.0,38.4,-8.4
119699,38.0,38.4,-0.4
102304,44.0,38.5,5.5
120074,32.0,38.5,-6.5
112320,21.0,38.7,-17.7
113086,29.0,37.9,-8.9
106877,33.0,37.9,-4.9
112871,33.0,38.1,-5.1
107269,36.0,38.9,-2.9
108343,33.0,38.3,-5.3
108268,20.0,36.9,-16.9
117848,39.0,39.5,-0.5
114664,36.0,39.2,-3.2
102414,31.0,38.4,-7.4
119597,31.0,38.1,-7.1
100438,48.0,38.4,9.6
111583,33.0,38.2,-5.2
112528,23.0,37.9,-14.9
102548,36.0,38.3,-2.3
117036,43.0,38.0,5.0
119563,34.0,37.6,-3.6
100525,36.0,37.8,-1.8
114079,34.0,39.2,-5.2
105341,36.0,37.9,-1.9
115946,38.0,39.0,-1.0
101513,33.0,36.8,-3.8
119869,26.0,39.2,-13.2
115666,34.0,38.6,-4.6
102267,65.0,38.6,26.4
112392,23.0,38.2,-15.2
105342,16.0,37.8,-21.8
108305,55.0,38.9,16.1
111359,32.0,39.0,-7.0
106809,47.0,39.2,7.8
114451,42.0,38.0,4.0
113142,38.0,37.9,0.1
103519,34.0,37.8,-3.8
105845,44.0,38.3,5.7
100602,43.0,38.6,4.4
111270,43.0,38.9,4.1
108431,25.0,38.1,-13.1
116514,34.0,39.2,-5.2
110691,70.0,38.0,32.0
109151,21.0,38.5,-17.5
119311,28.0,37.8,-9.8
109449,35.0,37.8,-2.8
109253,45.0,38.6,6.4
101604,58.0,37.7,20.3
109773,60.0,38.0,22.0
100372,32.0,38.5,-6.5
116209,64.0,38.8,25.2
109022,26.0,39.7,-13.7
103859,53.0,38.7,14.3
113172,59.0,39.9,19.1
118224,22.0,37.9,-15.9
117011,8.0,37.8,-29.8
111301,47.0,38.6,8.4
115978,37.0,38.4,-1.4
105205,29.0,39.0,-10.0
105700,49.0,37.7,11.3
115842,28.0,38.0,-10.0
114002,35.0,38.2,-3.2
119404,52.0,39.2,12.8
111710,36.0,37.6,-1.6
115176,63.0,38.0,25.0
107664,28.0,37.8,-9.8
113509,61.0,38.0,23.0
113427,41.0,38.3,2.7
107231,34.0,38.8,-4.8
117828,30.0,37.4,-7.4
101684,39.0,38.3,0.7
114190,42.0,38.2,3.8
103299,26.0,39.0,-13.0
107217,24.0,38.3,-14.3
112571,40.0,38.0,2.0
119337,79.0,38.2,40.8
116927,27.0,38.7,-11.7
112461,21.0,38.0,-17.0
102246,58.0,38.9,19.1
102583,32.0,38.4,-6.4
118491,49.0,38.6,10.4
115140,46.0,38.0,8.0
103391,33.0,37.8,-4.8
105387,71.0,39.4,31.6
105861,27.0,38.3,-11.3
116487,26.0,37.7,-11.7
113415,41.0,37.3,3.7
119637,34.0,37.9,-3.9
110412,35.0,38.1,-3.1
105335,28.0,37.8,-9.8
118410,83.0,36.6,46.4
112540,55.0,37.4,17.6
111256,37.0,37.3,-0.3
110849,50.0,39.1,10.9
103329,31.0,38.0,-7.0
115150,43.0,37.8,5.2
109416,55.0,38.6,16.4
106922,25.0,38.3,-13.3
119321,92.0,38.0,54.0
119123,80.0,37.9,42.1
103506,36.0,39.0,-3.0
102980,29.0,38.6,-9.6
106866,43.0,38.5,4.5
107293,32.0,37.9,-5.9
119981,50.0,38.4,11.6
114156,58.0,38.4,19.6
104488,44.0,38.7,5.3
105944,57.0,38.2,18.8
101747,43.0,39.1,3.9
105361,27.0,38.4,-11.4
118086,31.0,37.9,-6.9
120357,30.0,38.1,-8.1
107988,87.0,37.3,49.7
113463,73.0,37.9,35.1
114095,62.0,37.1,24.9
101907,48.0,38.6,9.4
112874,12.0,39.4,-27.4
109757,46.0,37.5,8.5
114854,34.0,38.3,-4.3
110261,40.0,38.8,1.2
116077,21.0,38.6,-17.6
101032,83.0,37.8,45.2
115061,17.0,38.8,-21.8
101305,44.0,38.4,5.6
103850,40.0,39.0,1.0
106470,25.0,39.4,-14.4
107928,50.0,38.0,12.0
111973,25.0,38.5,-13.5
110594,18.0,37.9,-19.9
114678,40.0,38.0,2.0
102963,21.0,38.3,-17.3
110894,40.0,38.3,1.7
100471,26.0,37.7,-11.7
102585,42.0,38.8,3.2
105450,14.0,37.9,-23.9
119524,38.0,38.5,-0.5
104820,79.0,38.6,40.4
104937,30.0,38.1,-8.1
117843,46.0,39.0,7.0
103696,66.0,38.5,27.5
115930,66.0,39.2,26.8
118533,16.0,39.7,-23.7
113236,40.0,38.1,1.9
106647,27.0,38.2,-11.2
105352,50.0,37.5,12.5
119982,34.0,38.1,-4.1
115958,33.0,38.6,-5.6
119896,29.0,40.0,-11.0
100933,79.0,37.8,41.2
115488,49.0,38.1,10.9
118239,34.0,37.7,-3.7
103431,22.0,38.3,-16.3
114411,29.0,39.2,-10.2
112151,34.0,38.4,-4.4
107158,13.0,36.6,-23.6
114921,62.0,37.5,24.5
117606,28.0,38.4,-10.4
115044,40.0,38.4,1.6
102678,53.0,38.4,14.6
110966,54.0,37.6,16.4
112709,60.0,38.7,21.3
107416,34.0,39.1,-5.1
105551,19.0,38.6,-19.6
110535,24.0,38.8,-14.8
101870,26.0,37.6,-11.6
115888,32.0,38.5,-6.5
110720,44.0,37.8,6.2
118344,36.0,39.7,-3.7
120076,34.0,39.1,-5.1
103224,36.0,39.0,-3.0
102492,35.0,38.6,-3.6
117332,35.0,38.3,-3.3
107351,31.0,38.9,-7.9
108372,32.0,38.3,-6.3
118865,49.0,36.9,12.1
117201,33.0,38.6,-5.6
110860,43.0,39.0,4.0
116622,32.0,37.8,-5.8
114562,36.0,38.6,-2.6
106305,28.0,39.3,-11.3
119386,59.0,37.8,21.2
117836,20.0,39.1,-19.1
114410,47.0,37.8,9.2
102176,57.0,38.6,18.4
103293,38.0,38.6,-0.6
104457,25.0,39.8,-14.8
109497,51.0,38.6,12.4
115664,73.0,37.3,35.7
118119,22.0,38.8,-16.8
120022,52.0,38.0,14.0
120312,32.0,38.0,-6.0
119085,38.0,37.7,0.3
100912,28.0,38.6,-10.6
109737,51.0,38.0,13.0
114923,14.0,37.3,-23.3
103784,49.0,39.0,10.0
103512,38.0,38.2,-0.2
112476,32.0,37.6,-5.6
105961,42.0,37.6,4.4
105549,23.0,37.5,-14.5
108371,40.0,37.4,2.6
119299,35.0,39.5,-4.5
118849,43.0,37.4,5.6
114262,19.0,37.4,-18.4
112509,19.0,39.0,-20.0
114965,45.0,38.8,6.2
100653,39.0,38.0,1.0
109095,46.0,37.5,8.5
119403,51.0,39.0,12.0
119569,39.0,36.9,2.1
109530,40.0,37.8,2.2
100984,44.0,38.6,5.4
110502,14.0,38.7,-24.7
104842,74.0,37.9,36.1
111763,49.0,38.2,10.8
106649,33.0,40.2,-7.2
104261,28.0,40.3,-12.3
106141,22.0,38.1,-16.1
119355,43.0,38.7,4.3
112886,23.0,38.0,-15.0
118048,30.0,37.4,-7.4
115835,24.0,38.0,-14.0
105971,32.0,38.3,-6.3
117966,49.0,38.8,10.2
116644,68.0,38.2,29.8
111866,46.0,39.0,7.0
104144,74.0,37.3,36.7
101308,28.0,38.0,-10.0
116734,36.0,39.7,-3.7
117054,76.0,37.6,38.4
106646,29.0,38.0,-9.0
103670,25.0,37.4,-12.4
102465,25.0,37.9,-12.9
119552,35.0,38.3,-3.3
111810,27.0,38.6,-11.6
119291,37.0,38.1,-1.1
110520,30.0,37.5,-7.5
107545,32.0,38.6,-6.6
116945,40.0,38.4,1.6
100012,45.0,37.5,7.5
100603,22.0,38.6,-16.6
117735,24.0,40.0,-16.0
115706,33.0,38.3,-5.3
117203,36.0,39.0,-3.0
107323,10.0,38.1,-28.1
114283,23.0,38.3,-15.3
115070,27.0,38.7,-11.7
117737,48.0,38.4,9.6
101656,38.0,38.7,-0.7
112220,26.0,37.9,-11.9
114022,72.0,37.9,34.1
107601,47.0,38.2,8.8
103760,46.0,38.3,7.7
114697,49.0,38.3,10.7
119757,34.0,38.7,-4.7
115082,80.0,38.3,41.7
113209,26.0,38.3,-12.3
107751,35.0,37.8,-2.8
117640,29.0,38.3,-9.3
100274,18.0,38.7,-20.7
114372,71.0,38.4,32.6
118755,56.0,37.6,18.4
102078,59.0,38.8,20.2
100994,35.0,37.6,-2.6
115292,37.0,38.7,-1.7
110713,32.0,38.5,-6.5
106896,33.0,37.7,-4.7
119251,31.0,38.5,-7.5
108984,64.0,38.2,25.8
105138,41.0,38.6,2.4
114578,23.0,38.7,-15.7
117992,33.0,39.2,-6.2
118748,25.0,38.6,-13.6
101087,28.0,39.2,-11.2
105267,43.0,39.0,4.0
113673,40.0,37.8,2.2
109134,51.0,39.3,11.7
112529,39.0,38.4,0.6
116436,71.0,38.8,32.2
102742,24.0,39.2,-15.2
116154,36.0,37.4,-1.4
115029,57.0,38.2,18.8
108669,24.0,38.6,-14.6
102296,37.0,37.9,-0.9
118067,80.0,38.4,41.6
103883,28.0,38.2,-10.2
111937,42.0,38.8,3.2
105565,71.0,38.6,32.4
109838,39.0,38.2,0.8
113511,34.0,38.2,-4.2
117753,46.0,39.9,6.1
105287,46.0,37.6,8.4
106975,18.0,39.5,-21.5
117961,14.0,38.3,-24.3
110990,26.0,38.0,-12.0
119948,28.0,38.2,-10.2
120463,35.0,38.2,-3.2
100797,26.0,38.4,-12.4
119010,39.0,38.0,1.0
118400,43.0,37.8,5.2
102095,41.0,38.7,2.3
111273,40.0,38.3,1.7
100699,31.0,38.0,-7.0
107895,34.0,38.8,-4.8
115611,37.0,38.4,-1.4
106092,82.0,39.1,42.9
102274,38.0,39.0,-1.0
109069,22.0,37.8,-15.8
111656,23.0,38.1,-15.1
120195,21.0,39.5,-18.5
104483,30.0,37.8,-7.8
119471,61.0,38.9,22.1
100260,36.0,37.6,-1.6
120299,21.0,37.4,-16.4
113760,22.0,39.8,-17.8
110649,39.0,37.5,1.5
102559,70.0,38.4,31.6
110830,67.0,39.4,27.6
105216,66.0,38.2,27.8
109521,45.0,38.1,6.9
103228,51.0,38.6,12.4
104855,24.0,38.2,-14.2
114405,28.0,38.5,-10.5
109001,37.0,40.1,-3.1
116147,22.0,38.5,-16.5
101165,33.0,39.0,-6.0
113518,17.0,38.1,-21.1
109779,42.0,38.3,3.7
107982,29.0,37.9,-8.9
119667,22.0,38.5,-16.5
113155,64.0,37.9,26.1
106917,45.0,38.9,6.1
117568,23.0,38.0,-15.0
118153,37.0,37.9,-0.9
103256,36.0,38.8,-2.8
101152,36.0,38.0,-2.0
107542,33.0,38.9,-5.9
103300,54.0,38.5,15.5
120407,43.0,37.4,5.6
117910,27.0,38.9,-11.9
115378,32.0,38.9,-6.9
118969,81.0,38.3,42.7
115403,37.0,39.2,-2.2
111534,29.0,38.7,-9.7
102890,73.0,38.3,34.7
106784,50.0,38.4,11.6
120183,28.0,38.5,-10.5
118340,40.0,37.9,2.1
113506,27.0,38.1,-11.1
105128,33.0,38.0,-5.0
119260,44.0,38.6,5.4
115697,41.0,38.0,3.0
108754,31.0,37.1,-6.1
105816,46.0,39.2,6.8
109199,23.0,39.0,-16.0
104666,29.0,38.0,-9.0
116553,37.0,37.8,-0.8
104497,26.0,37.6,-11.6
119803,41.0,38.5,2.5
115459,57.0,37.8,19.2
100497,14.0,37.9,-23.9
109545,41.0,38.0,3.0
103812,37.0,37.6,-0.6
103000,52.0,37.9,14.1
109815,46.0,37.1,8.9
105177,35.0,37.8,-2.8
113309,40.0,37.6,2.4
120134,27.0,38.7,-11.7
104104,24.0,38.7,-14.7
105521,37.0,40.0,-3.0
113909,38.0,38.0,-0.0
102448,31.0,38.8,-7.8
119731,36.0,39.3,-3.3
100789,49.0,38.8,10.2
100315,53.0,38.8,14.2
110382,28.0,39.3,-11.3
120437,31.0,38.7,-7.7
104086,68.0,39.2,28.8
105851,21.0,37.9,-16.9
116206,25.0,37.7,-12.7
104756,15.0,38.2,-23.2
115314,52.0,37.7,14.3
113470,73.0,40.2,32.8
103445,31.0,37.5,-6.5
100709,48.0,38.4,9.6
105716,26.0,39.5,-13.5
111204,20.0,38.0,-18.0
103627,37.0,37.8,-0.8
111211,35.0,37.9,-2.9
102854,11.0,38.3,-27.3
101367,43.0,38.1,4.9
112781,43.0,38.3,4.7
114830,29.0,38.2,-9.2
115287,34.0,38.4,-4.4
120131,65.0,38.5,26.5
102484,27.0,40.0,-13.0
101120,48.0,38.0,10.0
105873,28.0,37.7,-9.7
103837,45.0,37.6,7.4
103465,24.0,38.0,-14.0
109728,39.0,38.8,0.2
104628,26.0,38.7,-12.7
105978,13.0,38.4,-25.4
106776,38.0,37.9,0.1
115528,48.0,38.2,9.8
109924,59.0,38.7,20.3
111141,42.0,40.2,1.8
112064,38.0,37.4,0.6
104407,38.0,37.5,0.5
113683,33.0,38.6,-5.6
104769,33.0,38.4,-5.4
114157,44.0,38.7,5.3
112067,61.0,39.3,21.7
107539,34.0,37.2,-3.2
107999,41.0,37.7,3.3
116867,36.0,38.2,-2.2
117837,15.0,39.6,-24.6
107037,43.0,38.5,4.5
108653,30.0,37.9,-7.9
116587,36.0,37.3,-1.3
102082,42.0,37.7,4.3
107145,68.0,38.7,29.3
113609,53.0,39.3,13.7
115831,36.0,38.9,-2.9
106702,41.0,37.9,3.1
109333,28.0,37.9,-9.9
118979,38.0,38.3,-0.3
106930,23.0,38.2,-15.2
100208,16.0,37.4,-21.4
112758,40.0,37.2,2.8
104049,80.0,38.0,42.0
105198,50.0,39.4,10.6
106164,44.0,38.0,6.0
113054,36.0,37.4,-1.4
113126,66.0,39.8,26.2
114259,8.0,38.3,-30.3
114753,26.0,37.9,-11.9
117491,50.0,38.5,11.5
113634,27.0,38.8,-11.8
107559,23.0,39.5,-16.5
111993,35.0,39.7,-4.7
119363,58.0,37.5,20.5
108057,58.0,38.0,20.0
111952,21.0,38.1,-17.1
110016,57.0,37.8,19.2
116762,42.0,38.1,3.9
109806,24.0,38.0,-14.0
108473,29.0,38.9,-9.9
115064,14.0,37.3,-23.3
100560,37.0,38.1,-1.1
111265,39.0,37.6,1.4
113151,37.0,38.8,-1.8
111355,29.0,38.3,-9.3
105592,34.0,38.3,-4.3
100252,43.0,38.3,4.7
110596,35.0,38.7,-3.7
107451,36.0,37.9,-1.9
114801,27.0,37.9,-10.9
108546,40.0,37.8,2.2
110025,54.0,39.9,14.1
115040,38.0,39.6,-1.6
110046,32.0,39.2,-7.2
105763,26.0,37.3,-11.3
114725,27.0,39.3,-12.3
111652,22.0,38.9,-16.9
115772,35.0,38.5,-3.5
108154,29.0,38.1,-9.1
111520,47.0,38.3,8.7
112352,51.0,38.7,12.3
109495,43.0,38.1,4.9
108050,26.0,37.7,-11.7
102222,38.0,38.2,-0.2
104958,36.0,37.8,-1.8
115396,44.0,38.5,5.5
101548,9.0,37.5,-28.5
108233,30.0,38.2,-8.2
101576,64.0,37.9,26.1
115089,39.0,40.5,-1.5
108197,43.0,38.7,4.3
112235,31.0,38.3,-7.3
118179,47.0,36.1,10.9
103851,33.0,37.5,-4.5
119899,90.0,38.0,52.0
114053,51.0,38.7,12.3
115332,31.0,38.1,-7.1
114797,24.0,38.1,-14.1
112715,39.0,39.0,0.0
104498,39.0,37.6,1.4
111992,73.0,37.8,35.2
103456,41.0,37.8,3.2
115535,50.0,38.5,11.5
110604,23.0,39.7,-16.7
103972,30.0,38.0,-8.0
110165,47.0,38.5,8.5
118513,73.0,39.6,33.4
117298,69.0,38.4,30.6
118750,73.0,38.3,34.7
110300,42.0,38.3,3.7
110714,26.0,38.6,-12.6
119525,34.0,38.6,-4.6
109106,31.0,39.1,-8.1
108304,50.0,38.8,11.2
107708,36.0,38.4,-2.4
117874,33.0,39.0,-6.0
109153,19.0,39.5,-20.5
114803,72.0,39.5,32.5
103624,64.0,38.6,25.4
105725,56.0,39.6,16.4
102342,33.0,38.3,-5.3
101500,17.0,39.2,-22.2
112782,24.0,38.5,-14.5
117365,39.0,37.8,1.2
115478,53.0,37.7,15.3
118106,45.0,38.7,6.3
118873,74.0,38.1,35.9
102063,46.0,38.5,7.5
112592,28.0,37.7,-9.7
104314,50.0,37.0,13.0
104659,17.0,38.4,-21.4
117396,41.0,38.5,2.5
117457,33.0,37.6,-4.6
106795,41.0,37.9,3.1
102850,11.0,38.9,-27.9
116396,24.0,38.0,-14.0
109620,40.0,37.9,2.1
113836,29.0,38.2,-9.2
118837,45.0,37.4,7.6
105541,31.0,38.5,-7.5
103212,26.0,38.0,-12.0
109356,35.0,37.8,-2.8
112411,34.0,38.4,-4.4
116341,31.0,37.8,-6.8
107761,11.0,38.4,-27.4
100570,33.0,39.1,-6.1
117916,26.0,39.7,-13.7
116454,67.0,38.8,28.2
103105,40.0,38.1,1.9
119977,42.0,38.2,3.8
112370,44.0,39.0,5.0
103443,34.0,37.4,-3.4
106227,48.0,39.0,9.0
107965,54.0,39.0,15.0
116347,17.0,38.2,-21.2
115130,66.0,37.8,28.2
114515,32.0,39.2,-7.2
103251,68.0,39.5,28.5
118009,19.0,38.4,-19.4
114643,30.0,38.4,-8.4
100512,25.0,38.7,-13.7
106888,32.0,38.8,-6.8
106608,30.0,37.9,-7.9
100142,29.0,37.9,-8.9
119278,44.0,38.6,5.4
105437,30.0,37.9,-7.9
115622,43.0,39.0,4.0
104563,35.0,39.3,-4.3
108549,18.0,38.5,-20.5
114762,39.0,38.9,0.1
107733,38.0,39.3,-1.3
113008,32.0,39.4,-7.4
107238,37.0,38.2,-1.2
119185,46.0,39.2,6.8
112038,29.0,38.7,-9.7
102691,36.0,38.1,-2.1
108714,22.0,38.9,-16.9
112487,55.0,38.2,16.8
118720,30.0,38.1,-8.1
111435,36.0,38.0,-2.0
118292,72.0,38.6,33.4
109803,51.0,38.5,12.5
101568,27.0,37.8,-10.8
116389,38.0,37.2,0.8
119608,33.0,38.4,-5.4
115218,83.0,38.1,44.9
111113,27.0,37.7,-10.7
113761,64.0,37.3,26.7
118538,32.0,37.7,-5.7
119942,73.0,38.2,34.8
112940,34.0,38.8,-4.8
117485,32.0,38.8,-6.8
107581,26.0,38.5,-12.5
112867,41.0,38.0,3.0
117217,34.0,38.5,-4.5
111372,32.0,38.8,-6.8
116193,34.0,39.1,-5.1
114225,34.0,38.1,-4.1
104372,43.0,36.7,6.3
101892,31.0,36.5,-5.5
106586,57.0,38.8,18.2
114895,23.0,37.5,-14.5
115369,37.0,38.7,-1.7
105543,35.0,38.6,-3.6
109324,32.0,37.5,-5.5
105596,37.0,38.4,-1.4
116493,36.0,37.6,-1.6
115634,40.0,38.4,1.6
113730,35.0,39.0,-4.0
119754,24.0,38.9,-14.9
117629,27.0,37.7,-10.7
113942,81.0,37.8,43.2
108099,39.0,38.4,0.6
104142,42.0,38.4,3.6
114489,39.0,37.7,1.3
116287,30.0,38.7,-8.7
110168,32.0,38.7,-6.7
117287,45.0,37.9,7.1
118458,33.0,38.5,-5.5
114210,43.0,38.3,4.7
115623,43.0,39.1,3.9
117209,31.0,38.3,-7.3
113046,53.0,37.2,15.8
118080,36.0,38.4,-2.4
118079,16.0,38.7,-22.7
103640,33.0,39.1,-6.1
104878,32.0,38.4,-6.4
113934,32.0,37.1,-5.1
106978,59.0,38.5,20.5
115186,53.0,38.4,14.6
115487,17.0,38.1,-21.1
103699,21.0,38.4,-17.4
108740,56.0,38.8,17.2
115786,31.0,37.4,-6.4
113177,35.0,39.0,-4.0
105229,79.0,38.3,40.7
101317,16.0,38.5,-22.5
107212,39.0,37.5,1.5
103620,22.0,38.6,-16.6
114347,26.0,37.6,-11.6
115387,41.0,40.1,0.9
115229,30.0,39.2,-9.2
119495,34.0,38.1,-4.1
113877,28.0,39.1,-11.1
118404,39.0,38.0,1.0
117878,32.0,38.3,-6.3
119134,32.0,39.2,-7.2
115102,42.0,40.1,1.9
113435,24.0,39.0,-15.0
108470,35.0,38.1,-3.1
106472,27.0,37.6,-10.6
115733,31.0,38.6,-7.6
104408,31.0,38.9,-7.9
119613,24.0,37.4,-13.4
118042,73.0,38.8,34.2
103899,41.0,38.9,2.1
100979,29.0,38.6,-9.6
119376,40.0,38.2,1.8
101689,27.0,38.4,-11.4
116060,32.0,38.3,-6.3
115501,57.0,38.2,18.8
101172,26.0,38.5,-12.5
109173,74.0,38.1,35.9
112916,44.0,38.1,5.9
104377,19.0,38.7,-19.7
111237,38.0,37.5,0.5
119394,25.0,38.6,-13.6
106042,69.0,38.3,30.7
116074,38.0,38.5,-0.5
108614,17.0,39.7,-22.7
116269,21.0,38.6,-17.6
101073,25.0,37.9,-12.9
119243,38.0,37.4,0.6
109711,34.0,38.0,-4.0
101167,69.0,37.7,31.3
109784,54.0,38.5,15.5
117948,63.0,38.4,24.6
120307,38.0,38.2,-0.2
101566,26.0,38.4,-12.4
103940,20.0,37.7,-17.7
105904,49.0,38.0,11.0
119383,53.0,38.5,14.5
103961,42.0,37.9,4.1
109200,25.0,39.2,-14.2
113988,60.0,37.6,22.4
102705,36.0,38.5,-2.5
108786,25.0,37.9,-12.9
120220,30.0,39.3,-9.3
100093,8.0,38.4,-30.4
105991,66.0,37.4,28.6
109373,48.0,38.0,10.0
111626,27.0,36.6,-9.6
115407,56.0,38.6,17.4
112972,40.0,38.5,1.5
120423,35.0,37.5,-2.5
116652,38.0,38.4,-0.4
116505,51.0,37.9,13.1
103039,85.0,36.8,48.2
102736,38.0,38.2,-0.2
100998,42.0,38.6,3.4
114659,34.0,37.2,-3.2
108087,18.0,38.8,-20.8
109764,25.0,38.3,-13.3
119541,29.0,38.8,-9.8
113799,14.0,37.6,-23.6
118095,28.0,38.3,-10.3
117730,51.0,38.2,12.8
108178,23.0,37.4,-14.4
116032,30.0,36.7,-6.7
112941,44.0,39.1,4.9
120476,58.0,38.6,19.4
116090,42.0,38.3,3.7
117546,23.0,39.5,-16.5
102526,42.0,38.3,3.7
117803,27.0,37.8,-10.8
117240,31.0,38.7,-7.7
102030,61.0,39.3,21.7
113964,60.0,38.3,21.7
106837,32.0,38.1,-6.1
116055,20.0,38.2,-18.2
108090,41.0,39.0,2.0
100965,32.0,38.5,-6.5
117458,36.0,37.7,-1.7
105916,40.0,37.3,2.7
100755,22.0,39.2,-17.2
104490,46.0,38.3,7.7
104528,41.0,38.2,2.8
112848,37.0,38.3,-1.3
116417,63.0,38.3,24.7
103995,28.0,39.0,-11.0
120032,41.0,37.6,3.4
115531,36.0,37.7,-1.7
120244,35.0,37.9,-2.9
103693,27.0,38.6,-11.6
108693,73.0,37.6,35.4
114433,35.0,38.9,-3.9
115310,27.0,37.8,-10.8
112879,34.0,37.9,-3.9
101060,39.0,37.7,1.3
108240,16.0,37.9,-21.9
109631,36.0,38.8,-2.8
112396,32.0,37.9,-5.9
114336,45.0,38.5,6.5
106504,27.0,38.7,-11.7
105512,23.0,39.0,-16.0
107076,58.0,38.4,19.6
118601,45.0,38.0,7.0
113894,52.0,38.5,13.5
119573,8.0,38.1,-30.1
115220,12.0,37.8,-25.8
118374,19.0,38.2,-19.2
101509,34.0,37.6,-3.6
107651,34.0,38.2,-4.2
106276,31.0,38.4,-7.4
106220,31.0,38.0,-7.0
111068,35.0,39.5,-4.5
108545,33.0,38.2,-5.2
106856,30.0,37.5,-7.5
119033,24.0,38.2,-14.2
103661,57.0,38.3,18.7
114436,49.0,37.9,11.1
118180,39.0,37.4,1.6
104235,31.0,39.0,-8.0
117094,38.0,37.8,0.2
108460,76.0,37.5,38.5
103420,35.0,38.7,-3.7
105389,68.0,38.8,29.2
118380,35.0,38.3,-3.3
109587,22.0,37.6,-15.6
107836,37.0,38.2,-1.2
119876,27.0,38.3,-11.3
119497,13.0,37.0,-24.0
111598,40.0,38.5,1.5
112938,86.0,38.2,47.8
119973,40.0,38.6,1.4
114976,23.0,38.0,-15.0
113176,30.0,38.9,-8.9
112966,28.0,37.9,-9.9
109032,45.0,39.4,5.6
110262,25.0,36.9,-11.9
107538,53.0,38.5,14.5
116101,50.0,37.6,12.4
118225,41.0,38.4,2.6
114528,47.0,39.1,7.9
117912,9.0,38.7,-29.7
117186,33.0,37.5,-4.5
106331,34.0,39.4,-5.4
104553,40.0,37.7,2.3
115595,33.0,37.8,-4.8
101480,30.0,39.1,-9.1
101207,59.0,38.1,20.9
111599,50.0,38.2,11.8
116070,25.0,37.3,-12.3
104230,58.0,39.1,18.9
111827,19.0,38.0,-19.0
100288,43.0,38.4,4.6
107905,91.0,38.8,52.2
116689,26.0,39.4,-13.4
112207,36.0,38.7,-2.7
119945,36.0,37.1,-1.1
112460,34.0,37.9,-3.9
105309,36.0,38.3,-2.3
112434,36.0,39.3,-3.3
111723,65.0,39.4,25.6
106658,23.0,38.4,-15.4
101273,33.0,38.2,-5.2
118627,34.0,39.2,-5.2
104774,28.0,38.8,-10.8
106084,37.0,37.6,-0.6
108825,22.0,39.1,-17.1
102771,41.0,38.6,2.4
106599,36.0,38.6,-2.6
110684,25.0,40.0,-15.0
104561,15.0,37.5,-22.5
111388,30.0,38.4,-8.4
101857,33.0,38.3,-5.3
109485,45.0,38.7,6.3
110318,27.0,37.9,-10.9
104103,39.0,38.1,0.9
109161,38.0,38.1,-0.1
119333,26.0,38.1,-12.1
120149,28.0,38.5,-10.5
117394,52.0,38.9,13.1
120024,30.0,38.8,-8.8
100910,69.0,39.1,29.9
109607,34.0,37.9,-3.9
103914,75.0,39.4,35.6
111041,35.0,38.0,-3.0
113962,40.0,38.0,2.0
107731,40.0,38.0,2.0
110091,38.0,38.1,-0.1
102885,82.0,37.2,44.8
107450,48.0,38.9,9.1
114908,47.0,38.7,8.3
119889,40.0,38.2,1.8
110312,25.0,38.2,-13.2
102351,50.0,36.9,13.1
111169,14.0,38.3,-24.3
111600,43.0,39.2,3.8
117436,37.0,38.0,-1.0
119340,34.0,38.6,-4.6
113202,38.0,38.2,-0.2
117286,31.0,38.1,-7.1
116871,61.0,39.2,21.8
115308,17.0,39.2,-22.2
102363,27.0,39.4,-12.4
116557,44.0,38.1,5.9
107119,76.0,38.5,37.5
108587,42.0,39.0,3.0
115181,28.0,38.5,-10.5
112327,21.0,37.3,-16.3
106640,44.0,38.3,5.7
120264,28.0,39.0,-11.0
113088,41.0,37.5,3.5
101529,37.0,39.4,-2.4
120362,37.0,37.4,-0.4
108412,24.0,37.7,-13.7
115561,27.0,37.9,-10.9
108780,27.0,37.8,-10.8
118203,78.0,37.8,40.2
100122,24.0,38.0,-14.0
116937,18.0,39.1,-21.1
102472,59.0,38.6,20.4
118040,51.0,39.1,11.9
100476,26.0,37.9,-11.9
118169,38.0,38.4,-0.4
115037,23.0,39.1,-16.1
107714,11.0,38.3,-27.3
100486,18.0,36.6,-18.6
119652,33.0,37.6,-4.6
117003,46.0,39.6,6.4
106089,38.0,38.1,-0.1
112630,21.0,37.7,-16.7
107249,47.0,38.7,8.3
107830,51.0,39.2,11.8
117424,62.0,38.1,23.9
112391,36.0,38.2,-2.2
114673,45.0,38.0,7.0
103700,44.0,38.1,5.9
102663,29.0,38.1,-9.1
115841,49.0,38.2,10.8
100129,35.0,38.3,-3.3
118291,40.0,39.0,1.0
112136,37.0,40.0,-3.0
104097,36.0,37.6,-1.6
115045,50.0,38.5,11.5
117473,36.0,38.1,-2.1
105002,83.0,38.4,44.6
106552,53.0,38.5,14.5
105989,35.0,38.3,-3.3
118215,58.0,37.1,20.9
110703,64.0,37.1,26.9
104350,54.0,39.3,14.7
115011,8.0,38.1,-30.1
103192,28.0,37.1,-9.1
109810,48.0,39.4,8.6
101847,48.0,36.5,11.5
120189,20.0,37.1,-17.1
115846,17.0,38.9,-21.9
117147,17.0,37.6,-20.6
102058,43.0,38.0,5.0
112387,35.0,37.8,-2.8
104736,29.0,37.5,-8.5
109935,32.0,38.2,-6.2
105793,29.0,38.1,-9.1
105980,47.0,38.0,9.0
104638,41.0,38.4,2.6
115171,25.0,38.3,-13.3
118475,81.0,39.4,41.6
108158,32.0,38.2,-6.2
113165,56.0,37.7,18.3
108181,53.0,39.2,13.8
116661,15.0,38.5,-23.5
102701,34.0,38.4,-4.4
114174,30.0,37.9,-7.9
107521,43.0,37.8,5.2
112507,47.0,38.5,8.5
102675,22.0,38.4,-16.4
113276,38.0,38.1,-0.1
118430,50.0,39.4,10.6
112907,25.0,37.7,-12.7
108114,45.0,39.1,5.9
116849,36.0,38.9,-2.9
101294,40.0,37.8,2.2
113322,58.0,39.5,18.5
101150,42.0,39.2,2.8
102397,35.0,37.5,-2.5
116964,41.0,38.4,2.6
109320,48.0,38.7,9.3
120147,44.0,38.0,6.0
115794,8.0,37.6,-29.6
102613,77.0,39.2,37.8
113391,66.0,38.6,27.4
101557,28.0,38.4,-10.4
113464,31.0,37.8,-6.8
100594,27.0,37.9,-10.9
100132,28.0,37.8,-9.8
104266,25.0,38.9,-13.9
108547,25.0,38.7,-13.7
103139,50.0,38.7,11.3
114916,31.0,37.2,-6.2
113577,52.0,38.0,14.0
117032,29.0,38.2,-9.2
103757,32.0,38.7,-6.7
112228,37.0,38.4,-1.4
118823,29.0,38.5,-9.5
108733,34.0,38.9,-4.9
111876,36.0,37.6,-1.6
103934,30.0,37.9,-7.9
113163,83.0,39.3,43.7
113898,51.0,38.8,12.2
101023,35.0,38.6,-3.6
114625,29.0,38.1,-9.1
101665,11.0,37.5,-26.5
115043,19.0,38.3,-19.3
110367,29.0,39.1,-10.1
110734,37.0,38.2,-1.2
105199,31.0,38.3,-7.3
101095,35.0,39.0,-4.0
107870,33.0,38.3,-5.3
102956,24.0,37.7,-13.7
101549,25.0,37.0,-12.0
117244,51.0,38.3,12.7
112165,42.0,37.7,4.3
101235,51.0,38.5,12.5
115390,39.0,38.2,0.8
116283,81.0,39.4,41.6
119822,46.0,37.6,8.4
119767,40.0,39.5,0.5
107058,24.0,38.9,-14.9
105263,30.0,38.4,-8.4
109004,21.0,37.8,-16.8
108042,55.0,38.7,16.3
111339,74.0,39.9,34.1
118157,24.0,37.9,-13.9
116592,8.0,37.0,-29.0
112631,38.0,39.0,-1.0
102341,36.0,37.7,-1.7
102593,22.0,38.4,-16.4
100628,35.0,38.6,-3.6
103527,42.0,38.4,3.6
118023,42.0,38.0,4.0
102119,36.0,38.2,-2.2
114480,36.0,37.2,-1.2
120253,34.0,38.5,-4.5
102081,34.0,38.8,-4.8
118196,28.0,38.8,-10.8
110777,49.0,37.8,11.2
113032,36.0,38.3,-2.3
114015,30.0,38.2,-8.2
116476,50.0,38.0,12.0
100521,41.0,38.6,2.4
118644,23.0,38.4,-15.4
118973,36.0,38.4,-2.4
105797,43.0,38.4,4.6
118743,34.0,38.4,-4.4
110132,46.0,37.9,8.1
107087,14.0,37.6,-23.6
101582,40.0,38.6,1.4
115118,33.0,38.3,-5.3
113566,58.0,37.8,20.2
119879,78.0,38.6,39.4
104540,23.0,38.3,-15.3
114479,27.0,38.4,-11.4
109512,47.0,38.4,8.6
101297,27.0,37.7,-10.7
104609,31.0,38.3,-7.3
119106,33.0,38.7,-5.7
109028,29.0,37.3,-8.3
110040,23.0,37.8,-14.8
102948,41.0,37.6,3.4
106990,28.0,38.7,-10.7
101596,55.0,39.9,15.1
109579,11.0,39.0,-28.0
108781,43.0,37.8,5.2
104276,27.0,38.1,-11.1
109311,37.0,38.2,-1.2
110358,15.0,38.4,-23.4
112170,49.0,37.5,11.5
109038,56.0,38.1,17.9
111116,76.0,39.1,36.9
109271,45.0,38.6,6.4
112685,40.0,37.7,2.3
102076,27.0,38.3,-11.3
111828,54.0,38.4,15.6
103912,26.0,38.1,-12.1
116596,40.0,38.3,1.7
110511,26.0,38.1,-12.1
102112,78.0,38.3,39.7
118417,26.0,38.5,-12.5
108855,13.0,37.6,-24.6
105035,20.0,38.1,-18.1
100934,39.0,38.6,0.4
114291,25.0,38.2,-13.2
112797,21.0,38.1,-17.1
102126,48.0,37.9,10.1
118376,47.0,38.5,8.5
101652,37.0,38.9,-1.9
116885,64.0,38.0,26.0
112833,35.0,37.9,-2.9
112787,25.0,37.9,-12.9
119256,38.0,38.2,-0.2
107529,42.0,39.1,2.9
116886,47.0,39.4,7.6
112564,29.0,39.5,-10.5
110554,29.0,38.7,-9.7
101771,40.0,36.9,3.1
118415,41.0,39.6,1.4
104644,58.0,38.1,19.9
118682,22.0,38.8,-16.8
118722,40.0,38.8,1.2
113851,30.0,38.4,-8.4
104771,41.0,38.8,2.2
101176,34.0,37.2,-3.2
106811,73.0,37.7,35.3
100433,37.0,37.9,-0.9
106229,48.0,39.9,8.1
107629,27.0,38.6,-11.6
111360,28.0,37.9,-9.9
101050,78.0,38.5,39.5
118361,43.0,37.9,5.1
109317,28.0,38.3,-10.3
113550,37.0,38.8,-1.8
106953,20.0,37.2,-17.2
101898,59.0,38.6,20.4
118658,32.0,38.5,-6.5
113647,31.0,37.7,-6.7
101356,43.0,37.7,5.3
120275,60.0,39.2,20.8
108976,37.0,38.2,-1.2
120099,41.0,38.1,2.9
117075,29.0,39.1,-10.1
106221,33.0,38.4,-5.4
117805,36.0,38.5,-2.5
110826,25.0,38.2,-13.2
118929,84.0,38.7,45.3
114983,33.0,37.5,-4.5
120487,16.0,37.7,-21.7
118030,33.0,38.3,-5.3
103021,55.0,38.9,16.1
112232,38.0,38.5,-0.5
107460,37.0,38.2,-1.2
113187,22.0,38.6,-16.6
104510,23.0,37.7,-14.7
112821,58.0,37.8,20.2
107183,23.0,37.9,-14.9
109372,22.0,38.8,-16.8
108309,36.0,39.0,-3.0
108058,25.0,37.5,-12.5
106968,40.0,38.6,1.4
104602,35.0,38.7,-3.7
102630,28.0,38.2,-10.2
101713,73.0,37.3,35.7
111192,39.0,38.5,0.5
118032,37.0,37.7,-0.7
103575,15.0,38.7,-23.7
101560,37.0,37.7,-0.7
102160,31.0,37.8,-6.8
107951,31.0,38.7,-7.7
119952,53.0,38.3,14.7
104435,31.0,37.7,-6.7
114191,72.0,37.6,34.4
105589,14.0,37.8,-23.8
118147,33.0,37.4,-4.4
111045,29.0,38.8,-9.8
110357,62.0,38.3,23.7
116252,74.0,37.7,36.3
105643,38.0,36.7,1.3
105757,33.0,38.5,-5.5
109840,46.0,37.6,8.4
109186,43.0,38.2,4.8
117331,40.0,39.0,1.0
118573,25.0,37.9,-12.9
106062,45.0,38.0,7.0
114084,47.0,38.6,8.4
106365,60.0,38.8,21.2
118510,32.0,37.6,-5.6
114463,78.0,37.5,40.5
104206,20.0,38.6,-18.6
111514,34.0,37.9,-3.9
110641,37.0,37.6,-0.6
110756,33.0,37.5,-4.5
109626,39.0,38.5,0.5
120175,21.0,38.9,-17.9
111003,28.0,38.6,-10.6
109678,97.0,38.9,58.1
116061,75.0,38.7,36.3
102327,60.0,38.2,21.8
115945,46.0,38.2,7.8
120225,20.0,38.5,-18.5
102631,21.0,37.7,-16.7
111477,68.0,37.4,30.6
120459,44.0,37.7,6.3
103561,12.0,37.9,-25.9
103573,31.0,39.0,-8.0
104717,23.0,37.9,-14.9
120095,42.0,38.3,3.7
114845,31.0,38.1,-7.1
110932,11.0,39.0,-28.0
110140,63.0,38.7,24.3
104665,33.0,37.9,-4.9
103174,25.0,38.4,-13.4
104390,50.0,38.0,12.0
109090,22.0,37.7,-15.7
119836,19.0,37.4,-18.4
104440,36.0,38.1,-2.1
117665,48.0,38.2,9.8
104868,24.0,38.6,-14.6
118021,32.0,38.7,-6.7
101292,35.0,38.6,-3.6
101312,28.0,38.0,-10.0
117029,30.0,37.8,-7.8
109962,31.0,39.2,-8.2
102467,36.0,39.5,-3.5
116797,47.0,38.5,8.5
108656,41.0,38.3,2.7
118769,9.0,39.1,-30.1
119425,33.0,38.1,-5.1
103964,58.0,38.5,19.5
109089,24.0,37.7,-13.7
102563,42.0,38.5,3.5
111850,29.0,37.7,-8.7
116858,56.0,37.4,18.6
102831,34.0,37.9,-3.9
102800,50.0,39.1,10.9
109861,8.0,37.8,-29.8
114981,62.0,39.1,22.9
107025,24.0,38.3,-14.3
115849,40.0,38.0,2.0
104363,35.0,37.0,-2.0
111812,15.0,37.7,-22.7
109934,25.0,39.1,-14.1
116046,36.0,38.7,-2.7
102461,83.0,37.8,45.2
111705,59.0,38.4,20.6
120091,37.0,38.3,-1.3
111245,19.0,38.5,-19.5
111471,32.0,38.5,-6.5
114303,20.0,38.2,-18.2
118910,40.0,38.2,1.8
105322,46.0,38.0,8.0
116254,51.0,39.0,12.0
113068,24.0,38.1,-14.1
116328,50.0,38.3,11.7
114824,38.0,36.6,1.4
118699,43.0,37.7,5.3
118819,55.0,38.8,16.2
103683,38.0,38.9,-0.9
117934,21.0,38.6,-17.6
109506,26.0,38.6,-12.6
103392,35.0,38.0,-3.0
100949,25.0,38.7,-13.7
112181,25.0,38.9,-13.9
103864,29.0,37.3,-8.3
105214,39.0,38.0,1.0
109482,10.0,37.6,-27.6
113714,30.0,37.9,-7.9
113021,70.0,38.0,32.0
103658,33.0,39.1,-6.1
115871,23.0,40.2,-17.2
100295,47.0,37.6,9.4
100087,61.0,38.3,22.7
112326,64.0,37.8,26.2
117807,61.0,38.4,22.6
118514,25.0,38.6,-13.6
100226,21.0,38.2,-17.2
101905,44.0,37.5,6.5
107997,9.0,37.8,-28.8
115880,43.0,38.1,4.9
105423,15.0,37.5,-22.5
106467,43.0,37.8,5.2
119284,36.0,38.4,-2.4
116236,27.0,38.0,-11.0
104782,45.0,37.1,7.9
110819,59.0,37.4,21.6
112294,34.0,38.4,-4.4
118776,32.0,39.1,-7.1
119855,42.0,38.6,3.4
113888,34.0,38.1,-4.1
108248,22.0,38.2,-16.2
113371,61.0,39.3,21.7
118848,41.0,38.8,2.2
117035,39.0,38.0,1.0
104453,41.0,38.2,2.8
120418,27.0,38.2,-11.2
114986,31.0,38.2,-7.2
120376,34.0,38.2,-4.2
110432,40.0,37.6,2.4
116855,42.0,38.2,3.8
117025,29.0,38.4,-9.4
118465,38.0,38.1,-0.1
119402,38.0,37.7,0.3
109221,54.0,37.7,16.3
100263,38.0,37.0,1.0
100774,34.0,37.9,-3.9
108346,31.0,38.2,-7.2
110287,40.0,39.2,0.8
100808,29.0,38.3,-9.3
108037,38.0,38.8,-0.8
117585,29.0,38.6,-9.6
120229,45.0,37.4,7.6
110379,17.0,37.8,-20.8
112383,25.0,38.0,-13.0
110949,27.0,38.4,-11.4
109649,74.0,38.7,35.3
108758,30.0,39.1,-9.1
115508,29.0,39.7,-10.7
104374,49.0,38.2,10.8
116721,45.0,37.6,7.4
113816,41.0,38.1,2.9
108458,18.0,38.9,-20.9
104645,43.0,38.0,5.0
108532,59.0,38.8,20.2
101706,27.0,38.2,-11.2
100157,40.0,37.7,2.3
110438,39.0,37.8,1.2
112836,55.0,38.6,16.4
112135,25.0,38.1,-13.1
112888,45.0,38.9,6.1
106960,64.0,38.1,25.9
104907,25.0,37.4,-12.4
102924,8.0,38.1,-30.1
105812,29.0,38.3,-9.3
115113,56.0,38.3,17.7
116641,45.0,38.7,6.3
104631,23.0,38.1,-15.1
104729,39.0,37.8,1.2
102175,23.0,37.8,-14.8
111110,41.0,38.8,2.2
110812,76.0,38.8,37.2
106913,30.0,38.2,-8.2
103383,31.0,38.5,-7.5
101617,29.0,39.0,-10.0
117857,33.0,38.9,-5.9
101804,32.0,37.5,-5.5
102988,46.0,39.1,6.9
101339,24.0,37.3,-13.3
104778,32.0,37.7,-5.7
102519,39.0,37.9,1.1
105850,21.0,38.1,-17.1
107032,58.0,38.4,19.6
119710,28.0,38.4,-10.4
111603,25.0,38.2,-13.2
111612,47.0,38.3,8.7
100177,51.0,39.0,12.0
113262,44.0,37.9,6.1
118780,39.0,38.2,0.8
114532,44.0,39.1,4.9
100892,26.0,37.6,-11.6
110836,42.0,39.3,2.7
115636,54.0,38.0,16.0
115934,47.0,39.2,7.8
102121,16.0,39.3,-23.3
118992,29.0,37.7,-8.7
114153,27.0,39.0,-12.0
103684,36.0,38.0,-2.0
105942,42.0,39.1,2.9
119191,45.0,38.9,6.1
115840,23.0,39.2,-16.2
113886,34.0,38.9,-4.9
111382,21.0,38.8,-17.8
109913,40.0,38.2,1.8
104099,25.0,38.2,-13.2
117114,23.0,38.4,-15.4
108481,48.0,37.7,10.3
100218,45.0,37.3,7.7
119079,29.0,37.2,-8.2
106045,71.0,38.2,32.8
102590,11.0,38.1,-27.1
114558,44.0,38.1,5.9
104243,40.0,38.0,2.0
113587,53.0,39.2,13.8
106684,74.0,37.9,36.1
101559,44.0,40.3,3.7
116220,56.0,36.9,19.1
113633,21.0,37.7,-16.7
105097,72.0,37.5,34.5
104724,57.0,38.5,18.5
117494,90.0,38.6,51.4
108416,21.0,38.5,-17.5
113834,51.0,39.0,12.0
101130,44.0,40.1,3.9
120111,39.0,37.3,1.7
116843,37.0,38.3,-1.3
114948,39.0,38.0,1.0
103213,16.0,38.0,-22.0
106871,42.0,38.5,3.5
109651,28.0,39.1,-11.1
119694,28.0,38.8,-10.8
105038,31.0,38.6,-7.6
115817,40.0,38.2,1.8
105666,17.0,37.7,-20.7
100885,31.0,37.9,-6.9
103848,28.0,38.8,-10.8
107011,84.0,38.1,45.9
116471,17.0,38.9,-21.9
113129,33.0,37.6,-4.6
100169,39.0,38.4,0.6
113130,49.0,37.7,11.3
109731,60.0,37.7,22.3
119095,32.0,38.8,-6.8
109192,26.0,38.8,-12.8
113542,48.0,38.5,9.5
114409,42.0,38.2,3.8
109555,31.0,38.6,-7.6
110781,20.0,39.3,-19.3
115106,25.0,38.2,-13.2
107673,33.0,38.1,-5.1
111996,32.0,39.2,-7.2
105854,44.0,38.6,5.4
119293,44.0,38.1,5.9
108036,28.0,37.2,-9.2
101318,39.0,37.6,1.4
100024,38.0,37.8,0.2
104131,53.0,38.0,15.0
113953,29.0,38.7,-9.7
119882,36.0,38.9,-2.9
119088,33.0,37.6,-4.6
110195,20.0,37.8,-17.8
115514,27.0,38.8,-11.8
112552,39.0,38.5,0.5
114822,41.0,38.5,2.5
106238,23.0,38.0,-15.0
117058,29.0,38.0,-9.0
102193,29.0,37.7,-8.7
107133,35.0,38.6,-3.6
104081,13.0,39.5,-26.5
118302,20.0,38.1,-18.1
113815,49.0,37.8,11.2
119312,22.0,38.1,-16.1
115759,21.0,38.3,-17.3
106181,16.0,38.3,-22.3
115785,31.0,37.5,-6.5
117845,37.0,38.4,-1.4
102844,94.0,37.9,56.1
106822,26.0,38.2,-12.2
110544,47.0,38.2,8.8
108907,49.0,38.4,10.6
111909,31.0,38.6,-7.6
105751,46.0,38.4,7.6
108672,10.0,38.1,-28.1
110679,48.0,38.1,9.9
109657,41.0,38.6,2.4
106927,21.0,37.8,-16.8
105535,8.0,38.7,-30.7
119504,28.0,38.9,-10.9
100432,57.0,40.8,16.2
116443,23.0,38.9,-15.9
101438,59.0,38.4,20.6
116594,43.0,38.4,4.6
110574,28.0,38.8,-10.8
118420,35.0,38.2,-3.2
101017,29.0,38.3,-9.3
115721,29.0,36.7,-7.7
111999,63.0,40.0,23.0
104839,28.0,38.0,-10.0
101231,18.0,37.5,-19.5
111834,53.0,38.2,14.8
108144,37.0,39.0,-2.0
111202,39.0,39.2,-0.2
107704,29.0,38.2,-9.2
115569,40.0,38.7,1.3
106603,65.0,38.4,26.6
117662,64.0,37.6,26.4
120484,37.0,37.7,-0.7
102657,42.0,38.9,3.1
116416,27.0,38.3,-11.3
103277,27.0,39.0,-12.0
108301,39.0,37.8,1.2
110890,55.0,37.6,17.4
112250,69.0,38.3,30.7
106731,34.0,38.5,-4.5
110813,36.0,39.2,-3.2
105984,79.0,39.2,39.8
107309,13.0,37.9,-24.9
109368,24.0,39.0,-15.0
104403,28.0,37.8,-9.8
101100,34.0,38.1,-4.1
104532,29.0,38.8,-9.8
103856,33.0,39.0,-6.0
109010,26.0,38.7,-12.7
114004,13.0,38.0,-25.0
109616,41.0,37.4,3.6
103559,24.0,37.9,-13.9
115222,50.0,38.1,11.9
108850,23.0,37.4,-14.4
117544,59.0,38.4,20.6
112014,32.0,37.9,-5.9
105622,69.0,37.9,31.1
115420,48.0,38.9,9.1
113564,49.0,38.5,10.5
110309,27.0,38.9,-11.9
102056,30.0,39.7,-9.7
110759,32.0,37.9,-5.9
118062,40.0,37.8,2.2
102933,57.0,39.0,18.0
114847,60.0,38.4,21.6
117800,34.0,37.7,-3.7
117997,27.0,38.8,-11.8
114561,80.0,39.0,41.0
109086,49.0,38.8,10.2
109183,35.0,37.9,-2.9
110084,33.0,39.0,-6.0
115055,56.0,38.6,17.4
101344,34.0,38.1,-4.1
104212,64.0,38.4,25.6
116677,32.0,37.9,-5.9
114556,24.0,39.3,-15.3
104196,11.0,38.4,-27.4
116323,41.0,38.0,3.0
100365,38.0,38.4,-0.4
107810,45.0,38.5,6.5
103544,33.0,37.8,-4.8
106406,41.0,38.2,2.8
105313,36.0,37.6,-1.6
107886,74.0,38.6,35.4
119841,32.0,38.2,-6.2
110413,34.0,38.3,-4.3
102951,24.0,37.3,-13.3
100815,45.0,37.7,7.3
120070,34.0,37.8,-3.8
101237,27.0,39.4,-12.4
113258,33.0,38.0,-5.0
105973,23.0,38.4,-15.4
111753,29.0,38.3,-9.3
112813,67.0,38.8,28.2
106269,33.0,37.8,-4.8
100027,26.0,38.1,-12.1
114360,8.0,38.3,-30.3
117467,40.0,38.2,1.8
103424,23.0,38.0,-15.0
109328,28.0,38.1,-10.1
107188,28.0,37.9,-9.9
103023,40.0,38.9,1.1
115762,27.0,39.3,-12.3
108589,50.0,37.5,12.5
118015,38.0,38.7,-0.7
101465,57.0,37.7,19.3
108402,27.0,37.4,-10.4
116615,46.0,39.7,6.3
108029,38.0,37.4,0.6
119081,32.0,38.5,-6.5
109977,56.0,39.3,16.7
102343,46.0,38.7,7.3
116513,25.0,38.6,-13.6
110787,39.0,38.1,0.9
109455,20.0,38.4,-18.4
111194,25.0,37.7,-12.7
115604,41.0,37.5,3.5
113889,54.0,38.4,15.6
110993,53.0,38.1,14.9
111649,30.0,37.5,-7.5
103078,42.0,38.3,3.7
107421,28.0,38.6,-10.6
102057,44.0,38.1,5.9
118696,44.0,38.5,5.5
115949,23.0,38.1,-15.1
103872,32.0,38.9,-6.9
118116,68.0,38.1,29.9
105435,55.0,38.1,16.9
115465,34.0,37.6,-3.6
119631,38.0,37.8,0.2
114018,53.0,38.1,14.9
105686,49.0,38.9,10.1
104836,23.0,37.9,-14.9
110839,78.0,37.8,40.2
107662,30.0,39.2,-9.2
105052,46.0,39.4,6.6
100047,45.0,38.8,6.2
119602,35.0,37.8,-2.8
110396,30.0,37.9,-7.9
107972,46.0,39.2,6.8
117972,55.0,39.5,15.5
103546,74.0,38.1,35.9
103082,18.0,38.6,-20.6
116238,53.0,37.8,15.2
105659,13.0,37.8,-24.8
119094,43.0,38.3,4.7
100075,35.0,38.3,-3.3
101629,64.0,37.8,26.2
109648,36.0,38.2,-2.2
102277,22.0,37.6,-15.6
113935,35.0,37.9,-2.9
115921,24.0,39.0,-15.0
116715,24.0,37.7,-13.7
106629,40.0,38.4,1.6
104317,33.0,38.0,-5.0
112884,84.0,37.6,46.4
117906,8.0,38.1,-30.1
109026,29.0,37.6,-8.6
108695,17.0,37.9,-20.9
116856,40.0,38.4,1.6
109331,75.0,38.4,36.6
115562,42.0,37.7,4.3
108419,23.0,38.3,-15.3
107512,22.0,38.3,-16.3
119025,22.0,37.2,-15.2
108265,64.0,38.2,25.8
114880,35.0,37.6,-2.6
111608,18.0,39.2,-21.2
101595,29.0,38.9,-9.9
118124,38.0,39.1,-1.1
100922,45.0,39.1,5.9
114475,42.0,39.2,2.8
106717,28.0,38.6,-10.6
105144,45.0,38.1,6.9
112745,26.0,39.0,-13.0
107991,37.0,38.4,-1.4
113425,35.0,38.1,-3.1
118492,18.0,38.5,-20.5
106183,29.0,37.5,-8.5
110828,29.0,38.5,-9.5
120383,23.0,36.5,-13.5
103711,34.0,38.3,-4.3
111147,33.0,37.7,-4.7
100645,29.0,38.9,-9.9
118779,29.0,38.6,-9.6
111980,30.0,37.7,-7.7
112668,24.0,38.0,-14.0
114243,36.0,38.8,-2.8
114069,39.0,39.2,-0.2
116319,34.0,38.1,-4.1
100059,30.0,38.3,-8.3
118439,84.0,38.9,45.1
114104,35.0,38.7,-3.7
107367,36.0,39.2,-3.2
113152,17.0,37.7,-20.7
119084,47.0,38.8,8.2
108006,38.0,38.7,-0.7
116122,34.0,38.3,-4.3
113662,14.0,38.0,-24.0
111878,74.0,37.9,36.1
110029,34.0,38.7,-4.7
104188,28.0,38.6,-10.6
104646,41.0,37.3,3.7
114151,33.0,38.0,-5.0
112973,38.0,37.9,0.1
106890,26.0,38.0,-12.0
118159,65.0,37.6,27.4
104890,40.0,38.2,1.8
105829,22.0,38.0,-16.0
114699,56.0,36.8,19.2
109950,16.0,37.7,-21.7
117932,36.0,38.2,-2.2
115398,94.0,38.9,55.1
108484,27.0,37.8,-10.8
104069,37.0,38.4,-1.4
116293,25.0,38.8,-13.8
112124,38.0,38.7,-0.7
115352,15.0,38.1,-23.1
101097,59.0,37.9,21.1
108638,30.0,38.3,-8.3
100290,35.0,38.6,-3.6
104546,51.0,36.4,14.6
108298,31.0,40.0,-9.0
111562,51.0,37.8,13.2
105107,36.0,37.7,-1.7
104421,35.0,37.9,-2.9
118177,46.0,38.5,7.5
106460,23.0,37.4,-14.4
105428,23.0,38.5,-15.5
114448,38.0,38.3,-0.3
101270,44.0,38.8,5.2
102543,79.0,38.6,40.4
104068,56.0,38.4,17.6
109905,38.0,37.2,0.8
115214,34.0,38.0,-4.0
112693,33.0,38.2,-5.2
112419,33.0,38.3,-5.3
104534,27.0,38.2,-11.2
102284,37.0,38.9,-1.9
100163,29.0,38.8,-9.8
106611,52.0,37.4,14.6
104642,49.0,37.6,11.4
104109,20.0,37.9,-17.9
107033,27.0,38.7,-11.7
118025,29.0,37.6,-8.6
100005,25.0,38.3,-13.3
108992,45.0,38.7,6.3
104241,29.0,38.4,-9.4
109790,25.0,39.7,-14.7
100158,32.0,38.1,-6.1
105575,43.0,38.5,4.5
100134,36.0,39.3,-3.3
108753,34.0,39.2,-5.2
112816,16.0,37.5,-21.5
103566,24.0,39.0,-15.0
112105,29.0,39.4,-10.4
113408,69.0,38.1,30.9
105881,32.0,37.6,-5.6
100953,35.0,38.3,-3.3
120332,42.0,38.8,3.2
112905,22.0,38.7,-16.7
101980,28.0,37.2,-9.2
109752,16.0,37.3,-21.3
102599,61.0,38.7,22.3
108008,51.0,37.9,13.1
119650,22.0,38.8,-16.8
118517,34.0,37.5,-3.5
110722,33.0,37.5,-4.5
109761,28.0,37.7,-9.7
118578,46.0,38.1,7.9
112984,52.0,38.2,13.8
104162,49.0,37.9,11.1
111303,67.0,38.9,28.1
100980,32.0,38.0,-6.0
111872,61.0,37.7,23.3
106551,27.0,38.4,-11.4
100702,38.0,38.2,-0.2
116358,45.0,38.6,6.4
110678,32.0,39.9,-7.9
109833,46.0,38.9,7.1
104019,29.0,38.0,-9.0
119206,28.0,39.1,-11.1
101524,38.0,38.5,-0.5
118370,37.0,38.7,-1.7
104191,78.0,37.3,40.7
103204,18.0,38.4,-20.4
105726,19.0,38.0,-19.0
116819,22.0,39.0,-17.0
116019,18.0,38.4,-20.4
111535,24.0,38.4,-14.4
111987,29.0,38.5,-9.5
109429,40.0,38.8,1.2
120337,47.0,37.8,9.2
108120,32.0,37.8,-5.8
113404,42.0,37.7,4.3
114996,76.0,38.3,37.7
113755,66.0,37.5,28.5
104559,37.0,38.0,-1.0
106339,33.0,37.7,-4.7
117631,64.0,39.4,24.6
103314,48.0,38.0,10.0
116185,35.0,38.7,-3.7
113624,27.0,38.9,-11.9
113133,32.0,38.0,-6.0
108338,42.0,38.7,3.3
110765,86.0,38.9,47.1
108875,24.0,38.5,-14.5
102592,55.0,39.7,15.3
100103,31.0,39.1,-8.1
119220,27.0,38.3,-11.3
116053,84.0,38.3,45.7
101175,38.0,37.3,0.7
111868,30.0,37.6,-7.6
113788,39.0,38.4,0.6
113665,31.0,38.6,-7.6
108171,30.0,38.0,-8.0
109847,28.0,38.4,-10.4
116552,23.0,38.0,-15.0
107483,73.0,38.1,34.9
118844,34.0,38.0,-4.0
112727,35.0,39.5,-4.5
101351,35.0,38.1,-3.1
116521,33.0,38.1,-5.1
111640,45.0,38.2,6.8
120239,27.0,38.3,-11.3
119457,30.0,38.0,-8.0
105472,42.0,38.0,4.0
114166,41.0,38.8,2.2
106979,32.0,38.8,-6.8
103638,37.0,39.5,-2.5
103371,8.0,38.1,-30.1
108691,49.0,39.3,9.7
107100,46.0,39.6,6.4
109627,75.0,38.8,36.2
112213,36.0,39.8,-3.8
103563,28.0,38.1,-10.1
116216,29.0,38.1,-9.1
106882,17.0,37.6,-20.6
100854,23.0,37.9,-14.9
104113,41.0,39.0,2.0
115110,45.0,38.9,6.1
113446,32.0,39.1,-7.1
109960,30.0,38.0,-8.0
100052,59.0,38.2,20.8
116877,21.0,38.9,-17.9
114201,55.0,38.0,17.0
100234,37.0,38.1,-1.1
105197,34.0,38.7,-4.7
116296,33.0,39.2,-6.2
116623,45.0,38.2,6.8
109807,44.0,37.6,6.4
103405,39.0,37.8,1.2
107407,14.0,37.8,-23.8
106159,28.0,39.0,-11.0
108081,52.0,38.1,13.9
109384,91.0,38.0,53.0
107043,24.0,38.7,-14.7
107641,54.0,38.0,16.0
113867,69.0,40.3,28.7
111262,56.0,38.2,17.8
102486,62.0,37.7,24.3
120194,58.0,38.3,19.7
118889,78.0,38.9,39.1
112798,28.0,37.5,-9.5
100834,91.0,38.6,52.4
111831,38.0,37.9,0.1
100531,55.0,38.1,16.9
101498,33.0,38.7,-5.7
111785,14.0,39.5,-25.5
107165,31.0,38.4,-7.4
109899,34.0,39.2,-5.2
115046,15.0,38.1,-23.1
120101,32.0,38.2,-6.2
106366,68.0,37.4,30.6
107622,33.0,37.5,-4.5
109554,31.0,38.2,-7.2
103427,39.0,37.9,1.1
106708,39.0,38.3,0.7
103321,10.0,38.2,-28.2
110421,19.0,38.5,-19.5
101844,42.0,38.4,3.6
104346,42.0,37.5,4.5
104373,41.0,38.3,2.7
106870,27.0,38.7,-11.7
111313,33.0,39.1,-6.1
115560,79.0,38.0,41.0
117862,37.0,39.1,-2.1
106254,34.0,38.0,-4.0
107448,80.0,38.3,41.7
101525,25.0,38.6,-13.6
120064,40.0,38.4,1.6
106463,36.0,39.0,-3.0
114957,40.0,38.9,1.1
100961,46.0,37.1,8.9
115642,51.0,37.7,13.3
107393,39.0,39.2,-0.2
102122,29.0,39.3,-10.3
104818,50.0,37.8,12.2
110330,48.0,39.1,8.9
107164,25.0,38.5,-13.5
106843,59.0,37.8,21.2
117466,41.0,36.9,4.1
102186,48.0,37.3,10.7
111915,35.0,38.5,-3.5
106314,29.0,37.5,-8.5
120162,33.0,38.3,-5.3
105822,29.0,37.6,-8.6
120325,49.0,37.9,11.1
102015,63.0,38.9,24.1
115781,79.0,37.9,41.1
108637,39.0,38.3,0.7
106512,17.0,37.4,-20.4
106789,40.0,37.9,2.1
113997,39.0,38.3,0.7
100359,27.0,37.5,-10.5
108032,31.0,38.0,-7.0
107963,36.0,40.1,-4.1
117499,46.0,38.8,7.2
119421,40.0,37.5,2.5
117370,65.0,37.9,27.1
100348,44.0,38.7,5.3
104606,30.0,37.5,-7.5
101772,15.0,38.2,-23.2
110723,41.0,38.2,2.8
119759,56.0,37.6,18.4
113071,35.0,37.6,-2.6
114332,41.0,38.8,2.2
105336,45.0,39.9,5.1
111267,70.0,38.0,32.0
113798,23.0,38.7,-15.7
103602,45.0,39.1,5.9
100701,36.0,38.5,-2.5
107642,36.0,38.7,-2.7
102206,51.0,38.1,12.9
118571,20.0,38.3,-18.3
103536,34.0,37.9,-3.9
104549,48.0,37.4,10.6
100038,44.0,37.7,6.3
106046,24.0,38.4,-14.4
117279,34.0,38.4,-4.4
102979,65.0,38.2,26.8
111282,36.0,37.8,-1.8
102086,39.0,37.9,1.1
115827,38.0,38.0,-0.0
110014,20.0,38.2,-18.2
100198,71.0,37.6,33.4
115862,42.0,39.4,2.6
103172,27.0,38.4,-11.4
106536,41.0,39.5,1.5
119674,29.0,38.2,-9.2
110154,45.0,37.5,7.5
100173,34.0,39.0,-5.0
118847,25.0,38.1,-13.1
100511,35.0,38.5,-3.5
116173,66.0,38.6,27.4
117230,62.0,39.9,22.1
106515,24.0,39.8,-15.8
107065,47.0,37.2,9.8
119784,20.0,38.4,-18.4
109993,52.0,38.2,13.8
119532,30.0,38.1,-8.1
108053,43.0,38.3,4.7
117580,49.0,38.7,10.3
100874,40.0,39.0,1.0
116634,46.0,38.1,7.9
100069,52.0,38.7,13.3
109067,29.0,38.9,-9.9
102120,35.0,39.3,-4.3
115067,34.0,38.5,-4.5
105688,36.0,38.3,-2.3
119657,74.0,38.4,35.6
116712,31.0,38.6,-7.6
104830,51.0,38.2,12.8
107753,31.0,38.6,-7.6
119553,66.0,38.2,27.8
108996,72.0,38.1,33.9
101719,44.0,38.5,5.5
101377,76.0,37.8,38.2
114544,36.0,38.4,-2.4
101121,27.0,38.2,-11.2
120000,25.0,37.7,-12.7
119242,30.0,39.8,-9.8
103474,19.0,37.7,-18.7
108887,39.0,38.7,0.3
115789,10.0,37.4,-27.4
102788,27.0,38.5,-11.5
115803,24.0,38.1,-14.1
107766,33.0,38.3,-5.3
118857,26.0,38.6,-12.6
105475,35.0,37.9,-2.9
112778,25.0,37.5,-12.5
114681,68.0,38.2,29.8
118749,67.0,39.8,27.2
120388,33.0,39.5,-6.5
112519,33.0,37.4,-4.4
101469,81.0,38.7,42.3
112803,30.0,38.2,-8.2
109100,23.0,37.9,-14.9
106569,62.0,39.5,22.5
111842,71.0,40.2,30.8
114261,36.0,38.0,-2.0
108870,35.0,37.6,-2.6
102356,41.0,37.9,3.1
103044,33.0,38.3,-5.3
109043,28.0,38.5,-10.5
102555,36.0,39.1,-3.1
108853,30.0,38.7,-8.7
110811,35.0,38.1,-3.1
103425,21.0,38.5,-17.5
103412,51.0,38.2,12.8
110961,44.0,38.0,6.0
115160,46.0,37.4,8.6
100970,32.0,38.2,-6.2
104761,21.0,38.8,-17.8
114931,40.0,37.8,2.2
105775,22.0,37.2,-15.2
118905,43.0,37.5,5.5
114198,49.0,37.9,11.1
110460,16.0,39.1,-23.1
100161,20.0,38.2,-18.2
112728,22.0,38.2,-16.2
112480,40.0,38.6,1.4
107454,45.0,37.7,7.3
103643,52.0,37.7,14.3
111106,28.0,37.9,-9.9
110823,37.0,37.9,-0.9
108134,46.0,38.3,7.7
119232,14.0,38.0,-24.0
116288,22.0,39.2,-17.2
110636,35.0,37.8,-2.8
113278,54.0,37.6,16.4
100307,53.0,38.4,14.6
120218,72.0,38.7,33.3
109650,43.0,38.0,5.0
109326,36.0,39.0,-3.0
116354,30.0,38.4,-8.4
108480,29.0,38.8,-9.8
104507,72.0,39.0,33.0
106664,26.0,38.8,-12.8
110896,27.0,37.4,-10.4
105164,62.0,38.9,23.1
119003,33.0,39.5,-6.5
108504,26.0,39.6,-13.6
105522,44.0,37.9,6.1
119507,39.0,37.7,1.3
115307,15.0,39.1,-24.1
105782,54.0,37.3,16.7
108218,36.0,38.7,-2.7
104679,39.0,38.3,0.7
113170,49.0,38.1,10.9
112489,36.0,37.1,-1.1
111651,41.0,37.9,3.1
105495,28.0,37.4,-9.4
112665,39.0,38.7,0.3
118683,83.0,39.0,44.0
103031,84.0,39.2,44.8
120108,36.0,37.8,-1.8
100943,66.0,39.1,26.9
102508,26.0,37.8,-11.8
117549,25.0,38.6,-13.6
108541,36.0,39.8,-3.8
104155,52.0,37.7,14.3
111964,38.0,38.8,-0.8
119230,50.0,37.2,12.8
104416,37.0,38.7,-1.7
103529,59.0,38.2,20.8
115095,20.0,37.8,-17.8
116669,32.0,38.9,-6.9
107281,16.0,39.2,-23.2
101251,40.0,39.8,0.2
107838,41.0,38.4,2.6
120386,45.0,38.5,6.5
117357,49.0,37.5,11.5
112159,37.0,38.3,-1.3
109127,48.0,40.5,7.5
116987,37.0,37.2,-0.2
109387,24.0,38.5,-14.5
117034,38.0,38.0,0.0
116397,22.0,37.9,-15.9
103712,37.0,39.3,-2.3
103238,39.0,38.5,0.5
115105,40.0,38.7,1.3
101153,23.0,38.4,-15.4
103317,46.0,38.9,7.1
115280,13.0,38.5,-25.5
114023,49.0,38.0,11.0
118702,72.0,38.5,33.5
117188,57.0,39.1,17.9
119400,8.0,38.1,-30.1
118409,41.0,37.3,3.7
100201,28.0,38.4,-10.4
115747,10.0,39.1,-29.1
117210,33.0,38.4,-5.4
114358,28.0,38.4,-10.4
120404,33.0,37.8,-4.8
119309,80.0,38.4,41.6
111689,58.0,39.0,19.0
113422,67.0,38.1,28.9
113921,30.0,37.6,-7.6
106393,28.0,38.4,-10.4
116788,33.0,37.9,-4.9
117627,75.0,37.7,37.3
113310,33.0,39.5,-6.5
113601,26.0,37.8,-11.8
119780,32.0,38.3,-6.3
109609,69.0,38.6,30.4
105732,33.0,38.1,-5.1
118955,34.0,37.5,-3.5
102483,39.0,38.8,0.2
105221,29.0,39.1,-10.1
118125,52.0,38.9,13.1
104451,25.0,38.3,-13.3
110653,35.0,37.9,-2.9
107045,33.0,37.8,-4.8
116256,23.0,37.3,-14.3
110731,30.0,37.6,-7.6
117141,42.0,39.1,2.9
119500,37.0,39.1,-2.1
105169,34.0,38.8,-4.8
114006,34.0,37.9,-3.9
115084,81.0,37.7,43.3
111214,32.0,37.3,-5.3
109304,64.0,37.9,26.1
107223,37.0,38.7,-1.7
110378,26.0,38.5,-12.5
106984,51.0,38.3,12.7
101757,38.0,38.2,-0.2
120374,35.0,38.7,-3.7
100883,39.0,38.7,0.3
100046,21.0,38.5,-17.5
111986,34.0,38.3,-4.3
101778,37.0,38.5,-1.5
112046,32.0,37.9,-5.9
117057,19.0,38.6,-19.6
104551,43.0,38.2,4.8
113197,32.0,37.6,-5.6
109563,36.0,38.6,-2.6
108102,38.0,38.5,-0.5
120163,33.0,38.4,-5.4
114496,59.0,38.2,20.8
100888,33.0,38.3,-5.3
102200,77.0,39.1,37.9
109625,42.0,37.4,4.6
118479,39.0,38.4,0.6
113663,35.0,38.6,-3.6
107595,16.0,38.5,-22.5
104199,26.0,38.3,-12.3
115353,51.0,37.7,13.3
114694,40.0,39.8,0.2
112729,45.0,38.5,6.5
107818,32.0,39.3,-7.3
110857,57.0,38.2,18.8
106235,46.0,37.4,8.6
118355,36.0,37.8,-1.8
115864,62.0,38.1,23.9
105564,38.0,38.3,-0.3
106073,47.0,37.8,9.2
113868,78.0,38.2,39.8
105058,25.0,37.1,-12.1
110768,23.0,38.4,-15.4
120004,17.0,38.1,-21.1
118516,38.0,37.8,0.2
108620,42.0,37.2,4.8
114549,26.0,38.5,-12.5
112028,25.0,38.8,-13.8
100554,70.0,37.6,32.4
105856,38.0,37.4,0.6
113227,34.0,38.6,-4.6
118197,35.0,38.3,-3.3
117301,33.0,38.0,-5.0
116754,45.0,37.8,7.2
104236,39.0,38.1,0.9
118187,24.0,38.9,-14.9
113000,30.0,38.3,-8.3
107381,41.0,38.4,2.6
110377,40.0,37.8,2.2
106252,24.0,38.3,-14.3
103407,38.0,38.1,-0.1
100469,40.0,37.4,2.6
118236,13.0,39.2,-26.2
118059,41.0,39.4,1.6
111093,8.0,38.9,-30.9
117395,33.0,38.9,-5.9
111610,33.0,38.6,-5.6
101434,15.0,39.5,-24.5
115423,37.0,37.7,-0.7
102400,33.0,37.0,-4.0
114055,50.0,38.2,11.8
103366,40.0,39.9,0.1
116787,31.0,37.9,-6.9
100227,27.0,37.7,-10.7
100765,27.0,38.7,-11.7
113498,39.0,38.5,0.5
119169,37.0,39.1,-2.1
101221,30.0,38.2,-8.2
116075,34.0,37.6,-3.6
106616,41.0,38.2,2.8
116043,15.0,38.2,-23.2
100225,34.0,38.0,-4.0
107488,36.0,38.2,-2.2
115066,52.0,38.5,13.5
119212,23.0,37.8,-14.8
115372,30.0,38.0,-8.0
113352,21.0,37.9,-16.9
114547,36.0,38.1,-2.1
111092,23.0,37.6,-14.6
112619,58.0,38.2,19.8
119642,19.0,38.5,-19.5
109055,49.0,39.1,9.9
114034,43.0,38.0,5.0
115125,24.0,37.9,-13.9
117973,39.0,38.9,0.1
112750,40.0,37.9,2.1
109194,50.0,39.0,11.0
105573,33.0,38.0,-5.0
106808,83.0,37.7,45.3
111206,18.0,38.6,-20.6
106867,38.0,38.3,-0.3
113039,44.0,37.9,6.1
116310,26.0,38.1,-12.1
120018,28.0,38.0,-10.0
111854,43.0,38.2,4.8
102961,21.0,39.4,-18.4
117355,57.0,38.2,18.8
119794,26.0,37.0,-11.0
111655,22.0,38.7,-16.7
105203,26.0,39.6,-13.6
116009,59.0,38.7,20.3
114493,44.0,37.8,6.2
108937,40.0,39.4,0.6
106584,29.0,38.3,-9.3
102725,42.0,38.1,3.9
106338,38.0,37.5,0.5
102610,29.0,39.5,-10.5
110553,39.0,38.4,0.6
116506,38.0,37.6,0.4
104954,31.0,37.7,-6.7
112486,38.0,38.4,-0.4
104301,46.0,39.0,7.0
103143,28.0,37.5,-9.5
111033,27.0,38.4,-11.4
113027,23.0,39.1,-16.1
111082,18.0,37.6,-19.6
106902,52.0,37.7,14.3
109763,29.0,37.7,-8.7
110217,37.0,39.9,-2.9
112831,29.0,37.6,-8.6
113533,37.0,37.4,-0.4
100806,69.0,38.3,30.7
107949,47.0,39.1,7.9
105908,20.0,38.1,-18.1
112744,33.0,37.1,-4.1
115536,46.0,37.5,8.5
106991,47.0,38.4,8.6
101744,62.0,38.7,23.3
114470,35.0,38.2,-3.2
113813,29.0,38.9,-9.9
106318,61.0,37.7,23.3
102684,24.0,37.5,-13.5
102843,73.0,38.2,34.8
101992,51.0,37.9,13.1
118018,24.0,37.3,-13.3
103586,30.0,38.9,-8.9
100115,35.0,37.7,-2.7
118477,27.0,38.9,-11.9
103095,32.0,38.6,-6.6
105670,36.0,37.6,-1.6
106525,76.0,38.7,37.3
117534,29.0,39.6,-10.6
120470,59.0,37.7,21.3
119353,42.0,38.1,3.9
115300,42.0,37.6,4.4
118043,34.0,39.1,-5.1
118350,40.0,37.7,2.3
102544,28.0,38.2,-10.2
111480,33.0,38.5,-5.5
102541,35.0,39.0,-4.0
113365,17.0,39.3,-22.3
118876,36.0,37.7,-1.7
109340,33.0,39.5,-6.5
106723,26.0,38.4,-12.4
115269,30.0,37.9,-7.9
109851,32.0,37.7,-5.7
102204,36.0,38.2,-2.2
104185,47.0,38.3,8.7
111108,35.0,38.1,-3.1
118016,24.0,38.8,-14.8
106850,22.0,37.4,-15.4
112439,23.0,38.0,-15.0
104491,36.0,38.5,-2.5
111037,49.0,39.7,9.3
104026,28.0,39.0,-11.0
106844,63.0,40.6,22.4
100085,31.0,38.2,-7.2
108486,25.0,38.0,-13.0
113439,50.0,38.2,11.8
103342,34.0,37.9,-3.9
111287,47.0,37.9,9.1
111155,31.0,39.4,-8.4
117827,23.0,38.7,-15.7
101986,43.0,38.3,4.7
117321,52.0,39.5,12.5
104359,29.0,39.7,-10.7
103385,31.0,37.8,-6.8
102466,27.0,37.8,-10.8
105311,67.0,37.8,29.2
101200,36.0,38.5,-2.5
105369,17.0,38.3,-21.3
110971,76.0,37.9,38.1
109668,31.0,37.5,-6.5
113019,28.0,38.7,-10.7
100150,42.0,39.9,2.1
108117,61.0,39.4,21.6
106956,33.0,38.9,-5.9
114775,22.0,37.4,-15.4
106176,70.0,38.6,31.4
113062,32.0,39.1,-7.1
114770,68.0,38.1,29.9
111217,45.0,39.3,5.7
119970,49.0,38.8,10.2
120444,41.0,38.3,2.7
113735,41.0,39.3,1.7
102662,40.0,37.5,2.5
103077,18.0,38.2,-20.2
104808,43.0,38.7,4.3
118559,53.0,39.3,13.7
106954,43.0,37.5,5.5
106130,33.0,37.6,-4.6
100207,38.0,37.6,0.4
112218,31.0,38.1,-7.1
105061,24.0,37.8,-13.8
101119,50.0,38.6,11.4
111966,47.0,38.5,8.5
109411,45.0,39.8,5.2
101875,31.0,38.6,-7.6
106982,13.0,37.7,-24.7
111616,37.0,37.4,-0.4
101648,42.0,37.9,4.1
101603,19.0,38.1,-19.1
100643,33.0,38.4,-5.4
106696,38.0,37.7,0.3
105271,65.0,37.6,27.4
104187,54.0,38.2,15.8
101628,40.0,39.3,0.7
118829,44.0,38.1,5.9
112682,25.0,38.5,-13.5
100386,37.0,38.7,-1.7
105603,22.0,37.7,-15.7
108091,19.0,38.0,-19.0
110130,21.0,37.4,-16.4
104227,42.0,37.3,4.7
106396,25.0,37.5,-12.5
116614,32.0,38.4,-6.4
108300,46.0,37.6,8.4
103854,24.0,38.4,-14.4
110668,37.0,38.7,-1.7
107412,36.0,38.1,-2.1
108651,48.0,38.7,9.3
106136,8.0,38.5,-30.5
114468,53.0,37.4,15.6
112863,48.0,37.7,10.3
101783,36.0,37.9,-1.9
117985,29.0,38.2,-9.2
118328,67.0,37.9,29.1
111368,28.0,38.2,-10.2
116379,44.0,37.8,6.2
102317,46.0,38.8,7.2
112285,23.0,38.4,-15.4
105374,43.0,38.3,4.7
117116,83.0,37.9,45.1
103353,37.0,38.2,-1.2
103357,37.0,38.5,-1.5
102974,22.0,38.5,-16.5
110983,27.0,38.8,-11.8
108230,57.0,37.8,19.2
113449,28.0,38.4,-10.4
100084,23.0,38.0,-15.0
107533,16.0,40.9,-24.9
108716,27.0,39.0,-12.0
106244,43.0,38.4,4.6
107404,52.0,39.3,12.7
112807,63.0,39.1,23.9
119846,43.0,38.1,4.9
120400,32.0,37.6,-5.6
113526,38.0,37.4,0.6
103052,56.0,39.1,16.9
117040,39.0,38.5,0.5
109781,31.0,38.8,-7.8
109020,51.0,38.7,12.3
100415,85.0,37.7,47.3
120098,68.0,39.1,28.9
107177,55.0,38.4,16.6
104472,82.0,38.1,43.9
113379,35.0,38.5,-3.5
112195,24.0,38.6,-14.6
117360,93.0,38.9,54.1
117018,53.0,37.6,15.4
113734,42.0,39.1,2.9
103855,28.0,38.7,-10.7
108902,35.0,39.1,-4.1
103440,19.0,39.0,-20.0
101471,31.0,38.2,-7.2
114220,69.0,37.7,31.3
110746,52.0,38.6,13.4
104289,30.0,38.9,-8.9
110969,40.0,38.7,1.3
108089,42.0,38.8,3.2
105684,30.0,38.0,-8.0
114593,23.0,37.8,-14.8
116210,22.0,38.4,-16.4
101974,38.0,38.4,-0.4
119640,41.0,37.3,3.7
111160,40.0,37.8,2.2
114709,40.0,38.7,1.3
100945,44.0,37.5,6.5
116574,36.0,38.5,-2.5
108150,31.0,37.5,-6.5
103308,70.0,37.6,32.4
101527,57.0,38.1,18.9
118590,31.0,38.5,-7.5
101672,25.0,39.6,-14.6
108685,19.0,37.9,-18.9
112242,29.0,38.1,-9.1
104443,44.0,37.3,6.7
115723,36.0,38.1,-2.1
101436,59.0,38.0,21.0
119711,39.0,38.7,0.3
102102,48.0,39.7,8.3
105954,57.0,38.6,18.4
109290,37.0,38.1,-1.1
118319,28.0,38.2,-10.2
102447,47.0,38.0,9.0
106545,30.0,40.0,-10.0
119080,57.0,37.9,19.1
116400,49.0,38.9,10.1
117794,33.0,38.6,-5.6
102045,44.0,37.7,6.3
109180,31.0,38.0,-7.0
100921,25.0,38.6,-13.6
100446,66.0,38.4,27.6
118238,25.0,39.0,-14.0
103287,25.0,37.3,-12.3
116842,27.0,38.4,-11.4
111625,22.0,38.0,-16.0
116402,33.0,38.4,-5.4
120200,53.0,37.1,15.9
107961,54.0,38.7,15.3
119397,35.0,37.9,-2.9
104303,39.0,37.6,1.4
115708,33.0,38.3,-5.3
109855,25.0,38.5,-13.5
116196,38.0,37.6,0.4
105602,65.0,38.3,26.7
102687,43.0,37.7,5.3
106965,31.0,38.3,-7.3
101642,40.0,38.3,1.7
101553,72.0,37.6,34.4
106821,42.0,38.9,3.1
116704,28.0,38.2,-10.2
102784,50.0,38.6,11.4
114704,37.0,38.3,-1.3
100015,25.0,38.7,-13.7
110845,27.0,37.8,-10.8
106593,53.0,39.6,13.4
108601,21.0,38.0,-17.0
105404,26.0,37.8,-11.8
103173,41.0,37.9,3.1
100873,24.0,38.9,-14.9
112809,23.0,39.0,-16.0
107203,22.0,38.0,-16.0
108439,100.0,38.2,61.8
100631,20.0,39.2,-19.2
109459,38.0,38.1,-0.1
112114,36.0,38.6,-2.6
102432,62.0,38.1,23.9
103113,69.0,38.9,30.1
114873,71.0,40.0,31.0
112212,52.0,38.5,13.5
111232,63.0,38.9,24.1
112040,40.0,37.8,2.2
117670,35.0,39.1,-4.1
117174,41.0,38.7,2.3
114189,55.0,39.1,15.9
114280,35.0,38.6,-3.6
