Feature,Importance
categorical__City_Lucknow,0.7201304057112727
categorical__City_Raipur,0.44047848691033936
categorical__Membership_Unknown,0.3410974562380751
categorical__City_Delhi,0.29406803642421925
categorical__City_Hyderabad,0.2658057329198136
categorical__City_Coimbatore,0.25972879035666907
categorical__City_Chennai,0.2530947293854012
categorical__Gender_Unknown,0.2522155630467762
categorical__City_Kochi,0.22459956814261625
numeric__CustomerLifetimeValue,0.2216021667278386
numeric__TotalOrders,0.2101509435724332
categorical__City_Ahmedabad,0.20229851298679521
categorical__City_Visakhapatnam,0.18952264370685543
categorical__PreferredCuisine_Biryani,0.1799663837748836
categorical__PreferredCuisine_Mexican,0.17767008109416227
categorical__City_Kolkata,0.1580254001339988
categorical__Gender_Male,0.1577932821277913
categorical__City_Patna,0.1571296891414683
categorical__City_Bhopal,0.14836529255211856
categorical__Membership_Basic,0.1414116324490739
categorical__City_Nashik,0.14106582106368068
categorical__City_Guwahati,0.13946051475585203
numeric__AverageOrderValue,0.13577870449378573
categorical__Gender_Other,0.13403634567320324
categorical__PreferredCuisine_Continental,0.13052661779446062
categorical__PreferredCuisine_Mughlai,0.124526225463463
categorical__City_Ludhiana,0.11937108357865361
categorical__PreferredCuisine_Fast Food,0.11266123438084666
categorical__City_Pune,0.11212346486554364
categorical__PreferredCuisine_Street Food,0.10659344688393213
categorical__City_Jaipur,0.09572784528414255
categorical__PreferredCuisine_North Indian,0.09128104814392644
categorical__Membership_Zomato Pro,0.0903936847073703
categorical__PreferredCuisine_Desserts,0.088754723587152
categorical__City_Indore,0.08585869919523155
categorical__PreferredCuisine_South Indian,0.08480465132945172
categorical__PreferredCuisine_Healthy Food,0.08477509376740568
categorical__City_Vadodara,0.07772132350495674
categorical__City_Surat,0.07769664789913994
categorical__PreferredCuisine_Bakery,0.07683074462471098
categorical__PreferredCuisine_Italian,0.07244249077704674
categorical__Membership_Gold,0.0666515280319836
categorical__City_Mumbai,0.04607598545762371
categorical__City_Bhubaneswar,0.040197117924800026
categorical__City_Chandigarh,0.03790974105157303
categorical__PreferredCuisine_Thai,0.03607414291303582
categorical__PreferredCuisine_Unknown,0.03481818033215345
numeric__OrdersLast30Days,0.026636660541978767
numeric__AverageRating,0.026153963561706323
numeric__CancellationRate,0.02564004466235047
numeric__OrdersLast60Days,0.025070954475197
numeric__OrdersPrevious60Days,0.024485287782686795
numeric__CustomerTenure,0.0218107488715362
categorical__PreferredCuisine_Chinese,0.020890226288936647
categorical__City_Nagpur,0.019596337685652693
numeric__WeekendOrderRate,0.017820179789312548
numeric__AverageDeliveryTime,0.01636116553335452
categorical__City_Bengaluru,0.011709207513513738
numeric__CouponUsageRate,0.009991568247422247
numeric__RecencyDays,0.007827674973781134
numeric__Age,0.004796184969803382
categorical__Gender_Female,0.003026546295433882
