dataset,column,issue,evidence,action,reason,before_count,changes_count,after_count,status
customers,all,exact row duplicates found,count of duplicate customers rows: 180,dropped duplicate rows,no new information is added with duplicate rows,12180,180,12000,Completed
orders,all,exact row duplicates found,count of duplicate orders rows: 205,dropped duplicate rows,no new information is added with duplicate rows,20705,205,20500,Completed
all,all object columns,white space around object data,"Example: ""Hyderabad"" and "" Hyderabad "" carry the same value but are considered unique",removed white space around all object columns,cannot have same values considered as unique,NA,NA,NA,Completed
all,City,not standardised as per master cities dataset with casing issues,there are City values not canonically aligned with the City values listed in the cities dataset,standardised the casing to title and mapped the cities with Canonical values,need consistency across datasets with same values,>25,NA,25,Completed
customer_feedback,OrderID,inconsistent duplicate reviews for the same order,115 duplicated orderid rows and the reviews for the same order are contradicting,removed the entire rows with duplicated rows,cannot retain contradicting reviews for one order and cannot confirm if the review was edited as there is no timestamp in the dataset.,14200,230,13970,Completed
customer_feedback,DeliveryRating,ratings >5 found,DeliveryRating: 126 invalid ratings found,converted the invalid range values to NaN,cannot retain invalid data,126,126,0,Completed
customer_feedback,CustomerRating,missing,287 missing values found,retain,cannot fabricate data without truth,287,0,287,Profiled
customer_feedback,DeliveryRating,missing,126 missing values found,retain,cannot fabricate data without truth,126,0,126,Profiled
customer_feedback,Review,missing,1045 missing values found,retain,cannot fabricate data without truth,1045,0,1045,Profiled
traffic,Date,multiple date formats mixed DD/MM and MM/DD,2557 date values are ambiguous where we cannot determine if the date format is DD/MM or MM/DD,converted the ambiguous Date formats to NaT,cannot assume the Date values with multiple formats across the column,2557,2557,0,Completed
traffic,TrafficLevel,missing,147 missing values found,retain,cannot fabricate data without truth,147,0,147,Profiled
traffic,AverageSpeed,negative AverageSpeed values,186 negative AverageSpeed values in the traffic dataset,converted the negative AverageSpeed values to NaN,cannot retain invalid values and there is no way to confirm the actual value,186,186,0,Completed
weather,City,missing City values,there are 91 rows with missing City values,removed the entire rows with missing City values,weather dataset without City values do not give enough information on the weather of the city,18264,91,18173,Completed
weather,Date,multiple date formats mixed DD/MM and MM/DD,2582 date values are ambiguous where we cannot determine if the date format is DD/MM or MM/DD,converted the ambiguous Date formats to NaT,cannot assume the Date values with multiple formats across the column,2582,2582,0,Completed
weather,Humidity,negative Humidity values,189 negative Humidity values,converted the negative values to NaN,cannot retain invalid range values,189,189,0,Completed
weather,Rainfall,missing,268 missing values found,retain,cannot fabricate data without truth,268,0,268,Profiled
order_items,Quantity,negative values,there are 417 negative values in the Quantity column of order_items dataset,converted to the absolute values,with enough evidence that the total price is quantity times unitprice for all the available total price values,417,417,0,Completed
order_items,TotalPrice,missing TotalPrice values,there are 435 missing values in the TotalPrice column,replaced with the calculation based on TotalPrice = Quantity * UnitPrice,enough evidence to calculate missing TotalPrice values,435,435,0,Completed
payments,all,same information tracked under different PaymentID values,there are 202 duplicate rows of data giving the same information on an order,dropping entire duplicate rows and retaining the 1st occurance,retaining duplicate information adds no new information and hence no value,202,202,0,Completed
payments,OrderID,duplicate successful order payments found with different TransactionID values,there are 246 duplicate OrderID with same PaymentStatus 148 genuine duplicate OrderID values,retained all the duplicate OrderID entries,cannot confirm the correct TransactionID for the duplicate OrderID,394,0,394,Profiled
payments,TransactionID,Null TransactionID values,there are 182 Null values that are the only duplicates,Retained,cannot fabricate TransactionID values,182,0,182,Profiled
payments,PaymentDate,multiple date formats mixed DD/MM and MM/DD,2557 date values are ambiguous where we cannot determine if the date format is DD/MM or MM/DD,converted the ambiguous Date formats to NaT,cannot assume the Date values with multiple formats across the column,2557,2557,0,Completed
menu,FoodName,inconsistent casing found,there are 93 unique values with inconsisted casing in FoodName column,standardised casing to title across the column,cannot have duplicate entries considered as unique because of casing inconsistencies,93,62,31,Completed
menu,Price,negative Price entries,there are 90 rows where the Price is negative,converted the negative Price entries to abs where supported by order_items dataset,cannot retain invalid Price entries,90,89,1,Completed
menu,Price,unsupported negative entry,the FoodItemID - 6772 have an unsupported negative entry,converted to NaN,cannot retain invalid values,1,1,0,Completed
menu,Calories,missing Calories entries,there are 132 missing entries,retained,cannot fabricate data,132,0,132,Profilied
delivery_partners,JoiningDate,multiple date formats mixed DD/MM and MM/DD,237 date values are ambiguous where we cannot determine if the date format is DD/MM or MM/DD,converted the ambiguous Date formats to NaT,cannot assume the Date values with multiple formats across the column,237,237,0,Completed
delivery_partners,AverageDeliveryTime,negative AverageDeliveryTime entries,there are 27 negative entries,converted to NaN,cannot retain invalid values and cannot fabricate unsupported data,27,27,0,Completed
delivery_partners,Rating,missing,34 missing values found,retain,cannot fabricate data without truth,34,0,34,Profiled
promotions,StartDate,multiple date formats mixed DD/MM and MM/DD,50 date values are ambiguous where we cannot determine if the date format is DD/MM or MM/DD,converted the ambiguous Date formats to NaT,cannot assume the Date values with multiple formats across the column,50,50,0,Completed
promotions,EndDate,multiple date formats mixed DD/MM and MM/DD,39 date values are ambiguous where we cannot determine if the date format is DD/MM or MM/DD,converted the ambiguous Date formats to NaT,cannot assume the Date values with multiple formats across the column,39,39,0,Completed
promotions,StartDate-EndDate,StartDate and EndDate combination is invalid,there are 4 invalid StartDate and EndDate combinations,converted the invalid date ranges to NaT,cannot retain invalid entries,4,4,0,Completed
restaurants,Cuisine,missing,12 missing values found,retain,cannot fabricate data without truth,12,0,12,Profiled
restaurants,Rating,missing,22 missing values found,retain,cannot fabricate data without truth,22,0,22,Profiled
restaurants,RestaurantName,inconsisted casing across the entries,identified 140 unique values without standard casing and 100 unique values found with standard casing,converted all the entries to have standard title casing,cannot have duplicate entries considered as unique because of inconsistent casing,140,40,100,Completed
restaurants,Rating,out-of-range range,there are 18 entries in the Rating column that are over 5,converted the out-of-range entries to NaN,cannot retain out-of-range values,18,18,0,Completed
restaurants,AverageCost,negative AverageCost,there are 15 AverageCost entries that are negative,converted the negative entries to NaN,there is no evidence in other datasets to identify the correct AverageCost entries and hence converted the invalid to NaN,15,15,0,Completed
customers,Email,duplicates,there are 297 rows with duplicated Email entries,retained,cannot identify the single user of the Email and there can be multiple accounts created with same Email and different Phone entries,297,0,297,Profiled
customers,Age,missing,168 missing values found,retain,cannot fabricate data without truth,168,0,168,Profiled
customers,Gender,missing,120 missing values found,retain,cannot fabricate data without truth,120,0,120,Profiled
customers,Phone,missing,142 missing values found,retain,cannot fabricate data without truth,142,0,142,Profiled
customers,Email,missing,328 missing values found,retain,cannot fabricate data without truth,328,0,328,Profiled
customers,State,missing,180 missing values found,retain,cannot fabricate data without truth,180,0,180,Profiled
customers,Membership,missing,120 missing values found,retain,cannot fabricate data without truth,120,0,120,Profiled
customers,PreferredCuisine,missing,240 missing values found,retain,cannot fabricate data without truth,240,0,240,Profiled
customers,Name,inconsisted casing,there are 11749 unique Name entries in the customers dataset without standard casing and 17 unique entries changed to duplicates with title casing,converted all the entries to have title casing,cannot have inconsistent casing across one Column,11749,17,11732,Completed
customers,Age,negative Age entries,there are 258 negative entries in the Age column,converted negative entries to NaN,cannot retain invalid entries,258,258,0,Completed
customers,Phone,invalid Phone entries,"there are Phone entries that contain wrong digit count, invalid start numbers, contain letters","converted numbers starting with country code 91 to standard 10 digits, converted invalid entries to NaN and retained original as Raw",cannot retain invalid Phone entries,11858,6129,5729,Completed
customers,Pincode,invalid Pincode entries,there are invalin Pincode entries that have letters and invalid start value,converted the invalid entries to NaT,cannot retain invalid entries,11667,276,11391,Completed
customers,City-State,each city is mapped with multiple states,all 25 cities listed are mapped with all 28 unique states listed in the customers dataset,retain,no dataset leading to map the correct state of the customer,12000,0,12000,retainged
customers,RegistrationDate,multiple date formats mixed DD/MM and MM/DD,1420 date values are ambiguous where we cannot determine if the date format is DD/MM or MM/DD,converted the ambiguous Date formats to NaT,cannot assume the Date values with multiple formats across the column,1420,1420,0,Completed
orders,CouponCode,missing,13281 missing values found,retain,cannot fabricate data without truth and there can be orders without using any CouponCode,13281,0,13281,Profiled
orders,CustomerID,non-existent CustomerID in the customers dataset,there are 12 orphan CustomerID entries in the orders dataset,coverted the 12 orphan CustomerID to NA,cannot retain invalid foreign key information but have to retain the order information associated with it,12,12,0,Completed
orders,RestaurantID,non-existent RestaurantID in the customers dataset,there are 13 orphan RestaurantID entries in the orders dataset,coverted the 13 orphan RestaurantID to NA,cannot retain invalid foreign key information but have to retain the order information associated with it,13,13,0,Completed
orders,OrderDate,multiple date formats mixed DD/MM and MM/DD,2913 date values are ambiguous where we cannot determine if the date format is DD/MM or MM/DD,converted the ambiguous Date formats to NaT,cannot assume the Date values with multiple formats across the column,2913,2913,0,Completed
orders,DeliveryTimeMinutes,negative DeliveryTimeMinutes entries,there are 208 negative entries in the DeliveryTimeMinutes column,converted the negative entries in the DeliveryTimeMinutes column to NA,cannot retain invalid data and cannot assume the actual data,208,208,0,Completed
orders,DeliveryTimeMinutes,outliers >120 minutes leading to 399 minutes,there are 145 entries with DeliveryTimeMinutes > 120 minutes,converted DeliveryTimeMinutes > 120 to NA,cannot retain possible outliers in the data also there are no entries from 106 to 200 minutes,145,145,0,Completed
orders,FoodCost,negative FoodCost entries,there are 181 negative records in FoodCost columns,converted the negative records to abs where we have FinalAmount value not as NA,aligns with the formula FinalAmount = FoodCost + DeliveryFee + GST - Discount,181,178,3,Completed
orders,FinalAmount,missing values,there are 325 missing entries in the FinalAmount column,calculated the missing FinalAmount values based on other entries,missing values with evidence can be filled,325,322,3,Completed
orders,OrderDate,missing/converted NaT values,there are NaT values in the orders table that can be replaced with the help of payments table,replaced 1737 values in the OrderDate column of the orders dataset,missing values with truth found in other datasets can be replaced,2913,1737,1176,Completed
cities,AverageIncome,missing AverageIncome entries,there are 2 entries with missing AverageIncome,retained missing,cannot fabricate city data where multiple parameters are involved,2,0,2,Profiled
